"A1","B6f","B6g","B7","V1","F2a","F2b","F2c"
2,2,3,2,4,2,3,2
2,4,5,2,4,5,4,4
2,5,5,2,3,2,2,2
2,5,5,1,4,-98,2,2
2,4,3,2,4,1,1,1
2,4,1,2,4,2,2,2
2,5,5,2,1,1,1,1
1,5,5,1,4,5,1,2
5,5,5,1,4,3,3,3
5,2,2,3,1,5,5,3
2,5,5,2,3,2,2,2
2,1,1,1,4,5,5,5
2,1,1,1,4,3,2,2
2,5,5,1,4,2,2,2
2,1,1,1,4,1,2,2
2,1,-98,1,4,1,1,2
3,5,5,-98,3,1,3,3
2,1,1,1,4,1,1,1
2,4,4,2,3,2,2,2
1,3,1,2,4,2,2,2
2,1,4,1,2,1,-99,2
2,3,5,2,4,1,1,1
2,5,5,2,4,2,2,4
1,4,4,1,4,2,2,2
4,1,1,1,4,1,2,1
4,5,1,-98,4,2,4,-98
2,2,1,1,2,1,2,1
1,3,1,1,3,1,1,1
2,5,5,2,4,2,2,3
2,3,3,1,4,1,1,1
2,4,4,2,1,2,2,1
4,5,5,2,4,2,2,2
1,1,1,1,4,1,1,1
2,-99,1,1,4,1,1,3
2,2,4,2,3,1,1,2
2,5,5,2,2,2,2,2
2,1,1,1,4,3,3,3
2,5,5,2,3,2,2,2
1,1,1,1,4,1,1,2
1,5,1,1,4,2,3,-98
2,5,5,2,2,2,3,2
2,4,5,2,4,3,3,1
1,5,5,2,4,2,2,2
1,5,5,1,3,1,1,2
4,4,1,2,3,2,2,2
4,5,5,1,3,2,-98,4
1,5,5,2,4,2,2,2
2,5,5,2,4,2,2,2
4,1,1,1,3,2,2,2
2,5,5,1,4,2,2,2
4,1,1,2,4,2,2,1
5,2,3,1,4,3,3,4
4,5,5,2,3,2,3,3
2,5,5,2,4,1,1,1
2,5,5,1,4,2,2,1
2,5,5,1,4,3,3,3
2,5,5,2,3,3,3,3
4,1,1,1,4,2,2,1
2,1,1,1,3,2,2,2
4,1,2,1,3,3,4,3
4,1,1,1,3,3,3,3
2,5,5,2,4,1,2,2
4,2,5,1,4,1,1,1
2,2,4,2,4,3,2,2
2,3,5,3,3,2,2,2
2,3,2,1,2,3,2,3
2,1,1,2,3,2,2,2
4,5,5,2,4,3,3,3
1,1,1,1,4,1,1,5
2,5,5,2,3,3,3,3
2,3,3,1,4,2,2,2
2,5,5,2,4,2,2,3
4,5,5,1,4,2,3,2
2,1,1,1,3,3,3,3
2,1,1,1,4,2,2,2
2,1,1,1,1,2,2,2
2,5,5,2,4,2,2,2
2,1,1,1,4,2,3,3
4,1,1,2,4,2,2,2
2,1,1,1,4,2,2,2
1,5,5,2,4,2,2,2
1,5,5,2,4,2,2,2
2,5,4,1,4,1,3,3
1,1,1,1,4,1,2,2
2,5,5,3,4,3,3,3
2,1,1,1,4,2,2,2
2,5,5,2,4,2,2,3
2,5,5,2,3,4,3,2
2,5,5,2,4,3,3,3
4,5,5,2,4,2,2,3
2,3,5,2,4,2,2,2
2,5,5,2,4,2,3,2
2,1,1,1,4,2,3,2
5,5,5,3,1,2,2,2
2,1,1,1,4,3,2,2
2,1,1,1,3,2,2,3
2,2,3,1,4,3,3,3
5,1,1,1,4,2,3,2
2,5,5,3,2,2,4,4
4,1,3,1,4,3,3,3
4,5,5,1,3,3,3,3
2,5,5,2,4,3,3,3
2,4,3,3,3,3,4,3
1,3,5,1,4,2,2,2
2,1,1,1,2,3,3,3
4,5,5,1,4,4,3,2
1,5,5,2,4,2,1,1
4,1,1,1,3,2,2,2
2,1,1,1,4,1,2,1
2,5,5,1,4,2,4,3
2,5,5,1,4,2,2,3
2,2,1,2,4,3,2,3
2,1,1,1,4,2,3,3
2,5,5,3,3,2,3,2
2,5,5,1,4,2,2,1
2,2,1,1,4,2,4,3
2,5,5,2,3,3,4,4
2,2,2,2,3,2,3,2
2,5,5,2,3,2,2,2
1,1,1,1,4,3,3,3
4,4,4,2,3,4,4,4
1,5,5,2,4,2,1,2
4,1,1,1,4,1,3,2
4,1,1,1,4,3,3,3
2,1,1,2,4,2,3,3
4,5,5,3,4,4,5,4
2,5,5,2,3,2,4,5
4,2,2,1,4,2,3,3
4,5,5,1,4,2,2,2
4,1,1,1,4,1,1,1
4,5,5,2,4,2,2,2
2,1,1,1,4,2,2,2
4,5,5,2,4,4,3,2
4,5,5,2,4,2,3,2
2,2,3,2,4,4,3,3
5,1,1,1,4,5,5,4
4,5,5,2,3,2,4,2
2,1,1,1,3,2,2,1
2,3,5,2,1,2,1,2
2,5,5,2,4,1,2,2
2,1,1,2,4,2,2,1
2,5,5,2,4,2,2,2
2,5,5,1,4,2,2,3
2,1,1,1,4,2,3,2
4,1,1,1,4,2,-98,2
2,5,5,2,3,4,4,4
4,5,5,2,-98,2,2,1
2,1,1,1,4,3,4,4
2,5,5,2,4,3,3,3
5,1,1,1,4,3,3,3
2,5,5,1,4,2,2,2
4,5,5,1,4,4,4,2
2,1,1,2,3,2,2,2
2,1,1,2,2,2,3,3
2,5,5,1,4,2,2,2
4,1,1,1,4,1,2,2
4,5,5,2,4,1,1,1
4,3,5,2,4,3,2,2
2,5,5,2,4,1,1,2
4,1,1,1,4,2,2,2
4,5,5,3,2,3,2,2
2,1,1,1,4,1,2,1
2,1,1,1,3,2,2,2
2,2,2,1,4,1,3,2
2,1,1,1,4,2,2,2
2,2,2,1,4,2,2,2
2,5,5,2,4,3,3,3
2,1,1,1,4,1,1,2
4,2,2,1,3,3,4,3
4,5,5,2,3,3,3,3
4,3,4,1,3,2,2,3
2,5,5,3,3,2,2,2
2,4,4,2,3,2,3,3
2,1,1,2,4,3,2,3
2,5,5,1,4,2,2,4
4,2,2,2,4,3,3,2
5,5,5,1,4,3,2,2
4,1,1,1,3,4,2,4
4,3,5,2,4,3,4,3
4,3,3,1,3,4,4,5
2,5,5,2,4,1,1,1
2,5,5,2,3,2,2,2
4,5,5,2,4,4,4,4
5,1,1,1,4,2,2,2
2,5,5,2,3,2,3,2
5,1,1,2,4,3,2,3
4,4,5,1,4,3,3,3
4,5,5,2,4,1,1,1
2,1,1,1,4,1,4,3
2,1,1,1,3,2,3,2
2,1,1,1,3,2,3,2
2,5,4,2,3,3,3,3
2,5,5,2,4,3,3,3
4,1,1,1,4,5,4,5
2,4,4,2,4,2,2,2
2,5,5,2,4,2,3,2
4,1,1,2,1,3,3,3
2,5,5,2,4,3,3,3
1,5,5,1,4,2,4,3
2,3,3,2,4,2,3,2
2,2,1,2,4,2,3,4
4,5,5,3,2,2,2,2
2,5,5,2,4,3,3,3
4,1,1,1,4,5,5,5
1,4,5,2,4,3,3,2
5,1,1,1,3,3,3,3
4,5,5,3,1,2,2,3
2,2,2,1,4,2,2,2
4,1,1,1,4,3,3,3
4,3,3,2,3,3,3,3
4,5,5,2,1,2,3,3
2,5,5,2,4,2,3,2
2,5,5,1,4,1,2,2
2,2,1,2,4,3,3,3
1,5,5,2,3,3,3,2
2,5,5,2,4,2,3,4
2,5,5,3,3,2,3,2
1,1,1,1,4,3,2,3
2,4,5,2,4,2,3,2
2,5,5,3,1,2,1,2
4,5,5,2,4,2,2,2
2,5,4,1,4,2,2,2
2,3,5,1,4,3,3,3
4,5,5,2,4,2,3,2
2,5,5,1,4,1,1,1
2,5,5,2,4,2,3,2
2,5,5,2,3,2,2,2
4,5,5,2,3,3,3,3
4,5,5,3,3,3,3,4
2,1,1,1,4,2,2,3
1,5,5,1,4,2,2,1
2,5,5,2,4,2,2,2
5,5,5,2,4,3,2,2
2,5,5,2,4,3,3,3
2,5,5,2,4,5,4,3
1,1,1,1,4,2,3,2
2,1,2,1,4,2,4,3
2,1,1,2,4,2,2,1
2,5,4,1,3,2,3,3
2,4,4,1,2,2,2,2
2,1,3,1,4,1,1,1
2,5,5,2,3,2,3,2
2,5,5,2,3,1,3,2
2,5,5,1,4,2,3,3
4,1,1,2,3,2,3,3
2,5,5,2,4,3,3,3
4,5,5,2,4,3,4,4
4,3,3,2,4,2,2,2
2,5,5,1,4,3,3,3
4,2,2,2,4,2,2,2
2,5,5,2,4,3,3,3
2,5,5,2,4,2,3,2
2,5,5,2,3,2,2,3
2,1,1,1,3,3,4,3
2,1,1,1,4,2,3,2
4,1,1,1,3,3,2,3
2,2,3,1,4,2,3,2
2,5,5,1,4,3,4,3
4,1,1,1,4,3,3,3
2,3,2,1,4,4,4,3
2,5,5,2,3,2,2,1
2,5,5,1,4,3,2,3
2,1,1,1,4,2,2,1
2,1,1,1,4,3,3,3
4,4,4,2,3,2,2,2
2,4,5,2,4,2,2,2
2,2,2,1,4,3,2,2
2,5,5,3,1,2,3,2
2,1,1,1,3,1,1,1
4,2,2,1,3,2,3,3
4,5,5,1,2,4,3,3
2,1,2,1,4,2,2,2
4,1,1,1,3,3,3,3
1,1,1,1,4,2,2,1
1,4,4,1,4,2,2,2
2,5,5,2,3,1,1,1
4,5,5,2,4,2,3,2
2,3,2,2,4,2,2,2
5,1,1,1,4,2,3,3
2,1,1,1,4,1,1,2
4,4,5,1,4,2,3,3
2,3,3,2,4,3,3,3
2,5,5,2,3,2,2,4
2,2,3,1,4,3,2,2
2,5,5,1,3,3,3,3
4,1,1,1,3,4,4,3
4,1,1,1,4,2,3,2
4,5,5,2,4,3,3,3
2,4,4,2,4,2,3,3
2,5,5,2,3,2,2,2
-98,1,1,1,4,3,4,3
4,5,5,2,3,2,2,3
2,1,1,1,4,2,2,4
4,1,1,1,4,1,2,2
2,2,1,1,4,2,3,3
2,1,1,1,1,1,2,2
2,5,5,1,4,4,5,4
4,2,3,2,4,2,2,3
4,4,4,2,4,2,3,3
2,3,4,2,3,1,1,1
4,5,5,2,3,2,3,2
2,5,5,2,3,1,1,1
2,1,1,1,3,2,2,2
2,5,5,2,3,3,3,3
4,2,4,2,4,4,3,4
2,5,5,1,4,2,2,2
2,5,5,2,3,2,2,2
2,1,1,1,4,2,2,3
2,1,1,2,4,1,1,1
2,1,1,1,3,1,2,1
2,1,1,2,3,3,3,2
2,1,5,1,4,3,5,3
4,5,5,2,3,2,2,2
1,5,5,2,4,1,2,1
2,2,5,1,3,2,4,4
2,5,5,2,4,2,2,2
1,5,5,2,4,1,2,1
1,5,5,2,4,3,2,2
2,2,3,1,3,3,3,4
4,3,3,1,4,2,2,2
1,3,3,1,3,2,2,2
4,1,1,1,4,1,1,2
5,5,5,2,4,2,2,2
2,5,5,3,1,2,3,3
1,2,2,1,4,2,2,2
2,1,1,1,4,1,3,1
4,1,2,1,4,3,4,3
5,5,3,1,4,2,2,2
1,1,1,1,3,3,3,3
2,5,5,2,2,2,2,2
2,1,1,1,3,2,2,2
2,1,1,1,4,2,3,3
2,5,5,1,4,2,3,3
2,5,5,2,3,2,3,2
2,5,4,2,3,2,2,2
2,1,3,2,4,2,2,2
2,1,2,1,3,3,3,2
2,5,5,2,3,1,2,2
4,1,3,1,4,2,2,3
4,1,1,1,4,3,4,4
2,5,5,2,4,2,2,2
2,4,4,1,4,2,2,3
2,5,5,1,4,1,1,1
1,5,5,2,4,2,3,2
4,1,1,1,4,3,2,2
2,3,3,2,4,3,3,3
2,5,5,2,2,2,3,3
2,5,5,2,4,2,3,2
2,5,5,1,4,2,2,2
4,1,1,1,4,2,3,2
4,5,5,2,4,2,2,2
4,5,5,2,4,2,2,2
2,1,1,1,3,2,4,4
2,1,1,2,4,2,2,2
1,5,5,2,4,2,3,3
2,5,5,3,3,2,3,3
1,1,1,1,4,2,3,2
1,5,4,1,4,1,2,1
2,5,5,2,4,2,2,2
2,1,1,2,4,2,2,2
2,5,5,2,4,2,2,2
2,5,5,1,4,3,3,3
2,5,5,2,4,2,4,2
2,5,5,2,4,2,2,2
1,5,5,2,4,2,1,1
4,5,5,2,4,3,3,3
2,5,5,3,1,1,1,1
1,5,5,3,1,2,3,3
2,5,5,1,4,2,2,2
4,1,1,1,4,3,2,3
2,3,3,1,4,3,3,4
2,5,5,2,4,2,3,2
1,5,5,2,3,1,2,2
4,5,5,2,4,2,2,2
2,1,1,1,4,1,2,2
1,1,2,1,4,3,2,4
2,2,3,1,4,2,3,2
2,2,3,1,4,5,5,5
2,2,2,1,4,3,2,3
5,1,1,3,1,5,5,5
2,1,5,2,4,2,2,2
4,1,1,1,4,2,3,3
2,5,5,2,4,3,3,2
5,1,1,3,1,4,5,5
2,5,5,1,3,2,2,2
1,5,5,2,4,2,2,1
2,1,1,1,3,2,2,2
5,1,1,1,3,2,4,2
2,2,2,1,1,1,2,2
1,5,5,2,4,4,2,3
2,3,4,1,4,3,4,3
1,5,5,3,4,3,3,3
2,5,5,2,4,1,2,1
2,1,1,1,4,3,4,3
4,5,5,1,4,3,3,3
2,5,5,2,4,1,2,1
4,1,1,2,2,2,2,2
2,5,5,2,4,2,2,2
2,5,5,2,3,3,3,3
4,5,5,2,4,2,3,2
4,5,5,3,1,4,4,2
1,5,5,3,2,3,4,2
2,5,5,3,1,1,2,2
2,1,1,2,1,2,5,3
2,1,1,1,4,2,2,2
2,5,5,3,3,4,4,4
2,2,2,1,3,1,2,2
4,5,5,2,4,3,3,3
2,5,5,2,4,2,3,2
4,3,4,1,4,1,1,1
2,1,1,3,4,2,2,2
5,1,2,1,4,4,4,3
2,2,2,2,4,3,2,2
1,5,5,2,4,5,5,5
2,5,5,2,4,2,2,2
2,5,5,2,2,2,2,2
4,1,2,2,4,3,3,3
2,1,1,2,4,3,3,3
2,1,1,1,4,3,3,3
4,5,5,3,3,4,4,4
2,1,1,2,4,2,3,2
1,5,5,2,1,1,2,1
4,2,1,1,4,3,3,3
2,4,5,1,4,4,5,5
2,4,4,1,4,2,2,2
2,5,5,1,1,2,2,2
2,5,5,2,4,2,2,2
4,5,5,2,4,2,2,2
4,5,5,2,4,2,2,3
2,5,5,2,4,2,3,2
1,2,2,1,3,3,3,3
2,1,1,1,4,3,3,3
2,1,1,1,3,3,3,3
2,5,5,2,3,4,4,4
2,5,5,2,4,2,1,2
2,1,4,1,4,2,2,2
2,3,3,2,3,2,3,2
4,4,4,1,2,2,2,2
2,5,5,2,3,2,3,3
2,1,1,1,4,3,3,3
4,5,5,3,4,3,1,3
4,5,5,2,4,2,2,2
2,5,5,2,3,2,2,2
1,3,3,2,4,2,2,2
2,1,3,1,2,3,3,3
4,5,5,2,4,3,2,2
1,1,1,2,3,5,2,4
2,5,5,1,4,2,2,2
4,5,5,2,2,3,3,3
4,1,2,1,3,2,4,3
4,5,5,2,3,3,3,3
4,1,1,2,3,2,2,2
2,5,5,1,4,2,3,2
4,1,2,1,2,3,4,3
2,5,5,2,4,2,2,3
2,5,4,2,4,3,2,2
4,5,5,2,4,3,3,3
1,4,4,2,3,2,2,2
2,1,1,1,3,1,2,2
4,5,5,2,4,3,3,3
4,1,1,1,3,3,4,3
1,5,5,2,4,2,2,2
1,1,1,1,4,4,4,4
2,5,5,2,1,2,2,2
5,1,2,1,4,2,3,2
2,1,1,1,4,2,2,2
2,5,5,1,4,1,2,2
1,1,1,1,3,2,3,2
2,3,5,3,4,2,2,2
4,5,5,2,4,2,2,2
1,1,1,1,4,2,2,2
4,1,1,1,4,2,1,2
2,5,5,2,3,2,3,3
4,5,5,2,4,2,2,2
2,1,1,1,4,1,1,1
1,3,3,2,4,1,2,2
5,5,5,2,3,2,2,3
2,4,4,2,3,3,2,3
2,1,1,1,3,2,2,2
1,5,5,2,4,2,2,2
2,4,4,1,2,3,3,3
4,1,1,1,4,2,3,3
2,1,1,1,3,3,4,4
4,1,1,1,4,4,3,4
4,1,1,1,4,3,3,3
2,5,5,2,3,3,2,3
5,1,1,1,4,3,4,4
2,1,1,2,4,2,2,2
4,5,5,2,4,2,3,2
2,5,5,2,4,4,4,4
2,5,5,2,2,3,3,2
2,5,5,1,4,2,2,2
2,5,5,1,3,2,3,1
2,4,1,2,3,2,3,2
1,2,2,1,3,3,2,2
4,5,5,2,3,2,3,2
2,5,5,1,3,2,2,2
2,1,1,1,4,2,4,3
2,5,5,2,4,2,2,3
5,1,1,1,3,2,5,3
2,5,5,2,2,3,2,3
2,2,4,2,3,2,3,4
2,3,3,2,4,2,1,2
1,1,1,2,4,1,3,2
2,1,1,2,4,2,2,3
2,5,5,1,4,4,4,5
2,3,3,1,3,2,2,2
4,1,1,1,2,3,3,3
4,5,5,1,2,1,2,2
-98,1,2,2,4,1,2,1
2,5,5,2,4,2,2,2
2,3,3,3,2,2,3,2
1,1,1,1,3,2,2,4
2,3,3,1,4,2,2,2
2,5,5,2,4,3,2,2
1,5,5,2,3,3,3,3
2,1,2,1,3,2,3,2
1,1,1,1,4,2,3,2
2,5,5,1,3,2,2,2
5,5,5,2,1,2,2,2
1,5,5,2,3,1,1,1
4,5,5,3,2,2,3,2
2,1,1,1,4,2,2,2
1,4,5,1,4,-98,-98,-98
2,2,1,1,4,2,3,2
2,1,1,2,3,2,3,2
2,5,5,2,4,3,2,2
4,2,3,2,4,2,3,3
2,5,5,2,4,1,1,1
2,1,1,1,4,2,3,4
1,5,5,2,4,1,1,1
4,5,5,2,4,2,2,2
2,5,5,2,3,2,2,2
2,5,5,2,4,2,2,2
2,2,2,-98,1,2,1,2
2,1,1,1,4,2,3,3
4,5,5,1,1,3,3,4
4,1,1,1,3,3,3,3
2,5,5,3,4,2,3,3
2,5,5,1,4,2,2,2
4,5,5,2,3,2,2,2
1,5,4,2,2,2,2,2
2,5,5,2,4,4,4,4
4,5,5,1,3,3,3,4
2,1,1,1,4,2,2,2
4,5,5,2,4,2,2,2
2,5,5,2,4,3,2,4
2,1,1,1,3,3,3,3
2,4,4,1,3,3,3,3
2,2,1,1,4,1,2,2
2,1,1,1,4,2,3,3
2,1,1,1,4,3,4,4
2,5,5,1,4,1,2,2
2,3,4,2,4,3,3,3
2,5,5,2,4,3,3,3
2,2,4,1,4,2,2,2
4,2,3,1,4,1,2,2
2,1,1,2,4,3,3,3
4,1,1,1,3,2,2,2
2,3,3,1,4,3,3,2
4,1,1,2,4,1,1,1
2,1,1,1,4,4,4,4
1,5,5,2,1,2,1,2
5,1,1,1,3,3,4,4
2,5,5,3,3,3,3,3
4,5,5,2,4,2,2,2
2,5,5,3,3,2,2,2
1,3,3,2,4,2,2,3
2,1,5,1,3,3,3,2
2,5,5,2,4,4,3,3
2,1,1,1,3,3,3,2
2,5,5,1,4,1,1,1
2,5,5,2,3,4,4,4
4,5,5,2,4,1,2,1
2,2,4,1,4,2,2,3
4,1,1,1,4,2,2,3
4,3,3,1,4,2,3,3
4,5,5,2,4,1,1,1
4,2,2,1,4,1,1,1
2,4,2,1,3,2,2,2
2,5,5,2,4,1,2,2
2,5,5,2,3,2,2,2
2,5,2,3,2,2,2,2
4,3,3,1,4,3,2,4
2,2,3,1,4,1,1,1
1,5,3,1,4,3,3,3
2,1,1,1,4,3,3,2
1,1,1,1,4,1,1,1
2,5,5,2,2,2,2,2
2,2,5,1,4,2,2,3
2,1,1,1,4,2,3,3
5,5,5,3,4,2,2,2
2,1,1,1,3,2,2,3
2,3,5,1,3,4,3,4
5,5,5,2,3,2,3,2
2,1,1,1,4,5,5,5
5,1,1,1,4,2,2,2
1,1,2,1,4,2,2,2
2,5,5,1,3,2,1,2
2,1,1,2,4,1,3,2
4,5,5,2,4,2,2,2
2,5,5,2,2,2,2,2
2,1,1,1,4,2,3,2
4,1,1,1,4,2,3,2
2,1,1,1,4,2,3,3
2,5,5,1,4,1,1,1
1,1,3,1,2,2,2,3
2,5,5,2,4,3,3,3
2,1,1,1,4,2,2,2
4,3,4,2,4,3,3,3
2,5,5,2,4,3,3,3
2,5,5,2,4,2,2,2
4,1,2,1,4,1,3,2
1,5,5,3,3,2,2,2
2,5,5,2,4,2,2,2
4,4,4,3,1,4,4,3
2,5,5,1,4,3,3,3
5,3,3,1,3,2,2,3
2,5,5,2,4,2,2,2
2,5,5,2,4,2,2,2
2,5,5,2,4,3,3,3
2,5,5,2,4,3,3,3
2,3,3,2,3,3,3,3
4,5,5,2,3,2,2,2
2,1,1,1,4,2,2,2
1,5,5,2,2,3,3,3
2,5,5,2,4,3,2,3
4,2,2,1,4,3,2,2
1,1,1,1,4,3,3,3
2,5,5,1,4,3,3,3
2,4,4,3,3,3,3,3
2,5,5,2,3,3,3,3
1,5,5,1,4,1,2,1
2,5,5,2,4,2,2,2
4,-98,5,2,-98,2,2,2
2,1,1,1,4,2,2,2
2,5,5,2,4,4,3,3
4,1,1,2,4,2,1,2
1,1,1,1,4,1,2,1
2,5,5,2,3,2,2,2
4,1,1,1,4,2,3,4
1,5,5,1,4,2,2,2
2,1,1,1,4,2,2,2
4,5,5,2,4,3,4,3
5,1,1,1,4,3,5,5
1,5,5,2,3,2,2,2
2,5,4,2,4,3,3,3
1,5,5,1,4,2,2,2
2,5,5,1,3,2,3,3
2,5,5,1,4,2,4,3
4,1,1,1,3,2,2,2
2,4,3,1,3,3,2,3
2,5,5,2,4,1,1,1
1,5,5,2,4,2,2,2
4,5,5,2,4,2,2,2
1,1,1,1,4,2,3,2
2,5,5,2,1,2,2,2
4,5,5,1,4,2,2,2
5,1,1,1,3,2,4,3
2,5,5,2,1,1,1,1
5,5,5,2,1,1,3,2
1,5,2,1,4,2,2,2
2,5,5,2,4,2,3,2
2,1,1,1,4,2,3,2
4,1,3,1,4,3,3,3
5,5,5,1,4,2,2,2
2,5,5,1,4,2,2,2
2,1,1,1,4,2,3,2
4,5,4,2,2,2,5,3
4,5,5,1,4,1,2,3
2,5,5,1,4,3,2,2
2,2,1,1,3,2,3,2
2,1,1,1,4,1,1,1
4,5,5,2,4,3,3,3
4,5,5,2,2,3,3,3
2,1,1,1,3,3,3,3
2,5,5,2,3,2,2,2
2,4,1,1,1,3,3,3
2,3,3,2,4,3,4,3
1,5,5,2,4,2,2,2
2,5,5,2,4,1,1,1
2,5,5,1,4,4,4,3
4,5,5,2,3,4,4,3
4,2,4,1,4,1,3,2
2,1,2,2,2,3,3,3
2,5,5,2,4,2,2,2
2,1,1,1,1,2,2,2
4,5,5,2,4,2,2,2
5,1,1,1,4,2,2,2
1,5,5,2,3,2,3,3
2,5,5,1,4,1,1,2
2,5,5,2,4,2,2,2
2,5,5,2,4,3,2,3
1,1,1,1,4,2,3,3
2,5,5,2,4,2,2,2
2,1,1,1,4,2,2,2
2,5,5,2,4,3,3,2
2,2,2,1,4,2,2,2
4,5,2,1,4,3,3,3
2,5,5,2,3,3,3,4
2,1,3,1,4,2,2,2
2,4,5,3,4,2,2,2
2,2,3,1,4,2,2,1
2,5,5,2,2,2,3,3
4,1,1,1,4,2,3,2
1,5,5,2,4,1,2,1
4,1,1,1,4,2,2,2
1,3,5,1,4,3,2,2
2,5,5,2,1,1,1,1
2,5,5,1,2,2,3,2
2,5,5,2,4,2,2,1
2,5,5,2,4,2,2,2
2,5,5,3,4,1,1,1
2,4,4,2,4,2,2,2
2,1,1,1,4,2,2,2
4,5,1,1,4,3,3,3
4,5,5,2,4,2,3,2
2,1,1,1,4,3,3,4
2,1,1,2,4,2,2,2
2,5,5,3,3,4,3,3
2,1,1,1,3,1,2,2
2,2,2,1,4,2,3,2
2,5,5,2,4,2,2,2
2,5,5,2,4,2,2,2
2,5,5,2,4,2,2,2
2,1,1,1,4,2,2,2
2,5,5,2,4,4,4,4
4,5,5,1,3,1,1,1
4,1,1,2,3,2,3,2
1,5,5,3,4,1,5,1
2,1,1,1,3,2,2,2
4,4,4,2,4,2,3,2
2,3,3,1,4,3,3,3
4,3,3,1,4,2,2,2
2,1,1,1,2,2,3,3
1,1,1,1,4,1,2,1
4,1,5,1,4,2,1,2
2,3,4,2,3,3,1,4
2,5,5,2,4,3,3,2
2,1,1,2,4,2,3,2
2,2,4,2,2,3,3,3
2,3,3,3,1,2,2,2
2,5,5,2,3,2,3,2
2,-98,4,1,4,2,2,2
2,4,5,1,4,2,4,3
4,1,1,1,3,2,2,2
4,5,5,2,3,2,3,2
2,4,4,2,3,2,2,3
2,5,5,1,4,2,3,2
4,5,5,1,2,4,3,4
4,4,4,1,2,2,2,2
2,2,4,2,4,3,2,3
2,5,5,2,4,4,4,4
2,5,5,2,4,2,3,2
2,1,1,1,4,3,4,3
2,5,5,2,4,2,2,2
5,2,2,1,4,1,2,2
2,1,1,1,4,1,1,1
4,5,5,2,-98,2,3,2
1,4,5,1,4,3,3,3
2,2,1,2,4,3,3,2
2,4,4,2,3,2,2,2
2,3,2,2,4,2,2,3
2,1,1,2,1,2,2,3
2,3,2,1,4,2,2,2
2,5,5,1,4,1,1,1
2,5,5,2,4,1,1,1
2,5,5,2,4,2,3,2
4,1,1,2,1,4,4,3
2,2,2,1,3,4,2,3
2,5,5,1,4,2,1,1
4,5,5,2,2,3,3,4
4,5,5,1,2,4,5,4
2,5,5,2,3,2,1,2
1,1,1,1,4,2,2,2
2,3,3,2,4,2,2,3
4,1,1,1,4,1,1,4
2,5,5,2,3,1,2,3
5,1,2,1,2,3,4,3
2,4,4,1,4,4,4,4
4,5,5,2,1,3,4,3
2,4,4,2,3,1,1,1
2,5,5,2,4,1,1,1
2,5,5,2,4,2,2,2
2,1,2,2,4,2,4,3
1,1,1,1,4,1,1,1
2,1,5,2,4,3,3,3
4,4,5,3,1,3,3,3
2,5,5,3,3,2,4,4
2,4,5,2,4,4,4,4
2,3,3,2,2,2,2,2
1,3,3,1,3,2,3,3
2,1,1,2,4,2,2,2
2,1,1,3,1,2,3,2
2,2,4,2,4,2,3,2
2,1,1,2,3,2,2,2
2,5,5,1,4,3,3,3
2,1,1,1,4,2,2,2
4,1,1,1,4,4,2,4
2,1,1,1,4,2,3,2
2,1,1,1,4,2,4,3
5,5,5,3,1,2,2,5
2,5,5,3,2,2,2,2
2,2,2,1,4,2,4,4
2,5,5,1,4,3,4,2
2,1,1,1,3,2,2,2
4,1,5,1,1,1,2,2
4,3,3,1,4,2,2,2
4,4,2,1,4,4,3,3
2,5,5,2,3,2,2,2
2,1,1,1,4,2,2,2
1,1,1,2,4,2,4,2
4,1,1,1,4,2,2,2
2,1,1,1,4,5,5,5
2,5,5,2,3,2,2,2
2,5,5,2,4,2,2,2
2,5,5,1,3,1,2,2
4,1,1,1,4,4,4,3
4,2,2,2,4,1,1,1
2,1,1,2,3,3,3,3
2,5,3,2,4,3,3,3
1,5,5,2,4,4,2,3
2,3,3,2,4,3,2,3
2,5,5,2,4,1,1,2
2,4,4,2,4,3,5,2
1,5,5,2,4,1,1,1
4,1,1,1,4,3,4,2
4,5,5,1,3,1,2,1
2,3,5,1,4,2,2,2
1,5,5,1,3,2,2,3
1,4,4,1,3,2,3,2
2,1,2,1,4,5,5,5
2,1,1,1,4,2,2,2
2,5,5,2,3,2,2,2
2,5,5,2,4,2,3,2
4,1,1,1,4,2,2,2
4,5,5,2,4,2,2,2
4,1,2,3,4,3,3,3
4,5,5,2,4,3,3,2
2,5,5,2,1,2,2,2
2,5,5,2,4,3,3,3
2,4,5,3,2,2,1,1
4,2,3,1,4,2,4,2
2,5,5,2,4,1,1,1
2,1,2,1,3,2,3,3
4,1,1,1,3,2,2,2
2,1,1,1,3,2,2,2
4,1,1,1,4,2,3,3
2,2,2,1,3,2,2,2
2,5,5,2,3,3,3,3
1,5,5,2,4,2,3,2
2,5,5,1,4,2,2,3
2,5,5,2,3,2,3,3
1,3,3,2,3,2,2,1
2,5,5,2,4,2,3,3
1,5,5,1,4,1,1,1
4,5,5,2,4,2,2,2
2,4,5,2,2,2,3,2
2,5,5,2,3,2,2,2
2,5,5,1,4,2,3,2
2,2,3,1,4,3,4,3
2,1,1,1,4,2,4,2
1,3,5,2,4,1,3,2
2,1,1,1,4,2,2,4
2,5,5,2,3,3,3,3
2,4,4,1,3,1,2,2
2,3,3,1,4,3,3,3
2,4,3,2,1,2,3,2
2,2,1,1,3,3,3,3
2,1,1,1,4,1,1,1
2,1,1,2,4,4,5,3
2,1,1,1,4,4,4,4
4,2,2,2,4,2,1,2
4,-99,5,2,3,2,3,2
4,1,1,1,3,2,3,2
2,5,5,2,4,2,2,2
2,5,5,2,4,2,4,3
4,5,5,3,2,3,3,3
2,5,5,1,4,1,1,1
4,5,5,2,4,2,3,3
4,4,1,2,4,2,3,2
2,1,1,1,2,3,3,3
4,5,5,2,2,1,2,1
2,5,5,2,3,3,3,3
1,5,5,2,2,2,3,3
2,3,4,2,4,2,2,1
4,5,5,2,4,2,2,2
2,5,5,1,4,3,3,2
2,2,4,1,3,2,2,2
2,5,4,2,3,3,2,3
2,5,5,1,4,2,2,2
2,1,1,2,4,1,1,2
2,5,5,2,4,2,2,2
2,2,3,1,4,2,2,2
2,1,1,1,3,4,4,2
2,3,4,1,4,2,2,2
2,5,5,3,3,1,2,1
2,5,5,2,4,2,3,2
2,3,5,2,3,1,1,2
2,4,5,2,4,2,3,2
2,1,1,1,4,4,3,5
2,1,1,1,4,2,2,2
2,5,5,3,4,3,3,3
2,1,1,2,4,2,3,2
2,5,5,2,4,1,1,1
4,5,5,1,4,2,2,1
5,1,1,2,3,2,2,2
2,2,2,1,4,2,2,2
2,2,1,1,3,1,2,3
2,1,1,2,4,1,4,2
4,1,1,1,4,2,2,2
4,5,5,3,4,2,2,2
4,5,5,3,4,3,2,1
4,1,1,1,4,3,3,3
4,5,5,1,4,2,3,2
4,1,1,1,4,3,2,3
2,1,1,1,3,3,3,4
2,5,5,2,4,2,4,2
2,5,5,1,4,2,2,2
2,5,5,3,4,2,2,2
2,5,5,2,4,3,3,2
5,5,5,3,2,2,3,3
2,3,3,1,3,3,2,2
2,5,5,1,4,2,2,2
2,5,5,1,4,2,3,3
4,1,1,1,4,2,2,2
4,5,5,2,4,2,2,2
1,5,5,1,4,2,2,2
2,4,3,3,4,2,2,2
4,5,5,2,4,3,3,3
4,1,1,2,4,2,3,2
4,5,5,2,2,4,4,4
2,1,1,1,4,2,2,2
2,5,5,1,3,2,2,2
1,5,5,2,4,2,3,2
2,4,5,2,4,2,2,2
2,5,5,2,3,2,2,2
2,3,3,1,3,2,2,2
2,5,5,2,4,2,4,4
2,3,3,1,3,2,3,4
4,3,5,1,3,1,2,1
2,3,2,1,4,2,3,1
2,5,5,2,3,4,3,3
2,1,3,2,4,3,3,3
2,5,5,2,4,2,-98,2
4,2,3,2,2,4,3,3
2,5,5,2,4,2,3,2
2,5,5,3,1,3,3,3
2,1,1,1,4,2,2,2
1,5,5,3,1,3,2,3
2,5,5,3,3,2,1,2
4,5,5,2,3,2,4,2
2,5,5,2,1,2,2,2
4,2,3,1,4,4,4,5
2,1,1,1,4,4,2,4
4,1,1,1,4,2,2,2
4,1,1,1,1,1,1,1
2,1,1,1,3,2,3,3
4,5,5,2,2,3,3,3
2,4,3,1,4,2,2,2
2,1,1,2,3,2,3,3
2,5,5,3,3,2,2,2
1,1,1,1,4,2,3,2
1,5,5,2,4,3,3,2
4,5,5,1,4,4,4,4
4,5,5,2,3,1,1,1
2,5,5,2,4,1,2,1
4,5,5,1,4,2,4,2
2,5,5,2,3,3,3,3
2,5,5,3,1,2,2,2
2,3,3,3,3,3,3,3
2,5,5,2,4,3,1,1
2,5,5,2,3,1,1,1
4,5,5,2,4,2,2,2
2,1,1,1,4,1,2,2
2,5,5,2,3,2,2,3
5,1,1,1,4,2,2,2
2,2,3,1,4,3,3,3
4,4,5,2,3,2,2,2
4,1,1,1,2,3,2,3
5,5,5,1,4,2,2,3
2,5,5,2,3,3,3,3
2,2,3,1,4,1,1,1
1,4,4,2,4,2,2,3
2,5,5,2,4,2,2,2
1,5,5,1,3,5,5,5
5,4,5,2,4,1,1,1
4,1,1,2,4,3,4,3
4,5,5,2,4,4,-98,4
4,3,2,2,4,4,4,3
1,5,5,2,4,2,2,2
2,1,2,1,4,2,2,2
5,5,5,1,4,2,5,4
2,3,3,1,2,3,4,3
2,2,4,1,4,2,3,2
2,4,4,2,3,2,1,2
2,1,1,2,4,2,2,3
2,5,2,2,4,4,2,3
4,1,1,2,4,1,2,2
4,1,1,1,1,5,5,5
2,5,5,1,4,2,2,2
2,5,5,2,2,4,2,3
2,1,1,1,4,2,3,2
2,1,5,2,4,2,2,2
2,1,1,1,3,2,2,2
2,5,5,2,1,2,2,2
2,5,5,1,4,4,3,3
2,5,5,1,4,3,2,2
2,1,1,1,4,3,3,3
2,5,5,2,3,2,2,3
1,1,1,1,3,2,2,2
4,2,3,2,4,4,4,4
2,1,1,2,4,2,3,2
2,5,5,2,2,3,3,3
2,1,1,3,3,1,1,2
2,1,1,1,4,1,1,1
2,5,4,3,2,4,4,5
4,1,1,1,4,3,3,3
2,5,5,2,4,1,2,2
5,1,1,1,3,1,1,1
2,2,1,2,1,2,5,3
5,5,3,2,3,2,3,2
2,4,2,1,4,1,1,1
2,1,1,1,4,3,2,2
2,4,5,1,4,1,1,1
2,5,5,2,3,2,2,2
4,5,5,1,4,3,3,4
4,5,5,2,4,2,3,2
2,4,5,2,3,2,2,2
2,3,5,2,4,2,3,3
2,5,5,2,3,2,2,2
2,1,1,1,4,2,2,1
4,1,1,1,4,3,4,3
2,1,1,2,3,2,3,2
2,5,5,2,4,2,2,2
2,5,5,2,4,1,2,1
2,5,5,2,4,2,2,2
2,5,5,2,3,3,3,3
4,1,1,1,4,3,3,3
4,1,1,1,3,3,3,3
5,5,5,1,4,4,5,5
2,4,4,1,4,2,3,3
1,5,5,1,4,3,2,3
2,1,1,1,4,2,2,2
2,1,3,2,1,1,1,1
2,1,1,1,4,1,3,1
4,2,3,1,4,2,2,2
2,1,1,1,4,2,2,2
2,5,5,2,2,4,3,2
2,2,2,2,3,5,5,5
4,1,1,3,4,2,2,3
2,5,5,2,2,3,4,3
2,1,1,1,1,5,5,5
2,5,3,2,3,3,3,3
2,3,3,1,4,3,4,3
2,1,1,1,3,2,2,2
2,1,1,2,3,4,4,4
4,1,1,1,4,1,1,1
2,1,1,1,4,2,3,2
2,4,5,2,4,3,2,3
4,-99,-99,2,3,2,2,2
4,5,5,2,3,5,5,5
2,1,1,1,4,5,5,3
2,1,5,1,4,2,2,2
2,1,1,1,3,2,3,2
2,5,5,2,4,2,2,2
1,4,5,3,3,2,4,2
2,5,5,1,4,2,3,2
2,5,5,2,3,2,2,2
4,2,2,1,4,4,4,3
1,4,4,1,3,4,3,5
2,1,1,1,3,2,2,2
2,1,1,1,1,2,3,4
2,1,1,3,2,2,2,2
2,1,1,1,3,3,3,3
2,5,5,1,4,2,2,2
2,3,2,1,4,2,2,2
2,5,5,2,4,3,3,2
1,1,1,1,4,1,3,1
2,5,5,1,4,3,3,2
4,3,5,1,4,2,2,2
1,1,1,1,4,1,1,1
2,3,4,2,3,1,1,1
4,2,5,1,4,2,2,2
1,2,2,1,4,1,1,1
2,2,1,1,3,3,2,3
4,1,1,2,3,4,4,2
4,1,1,1,4,2,2,2
4,1,1,1,4,2,3,3
1,2,2,1,4,2,2,2
2,5,5,2,4,3,3,3
2,5,5,3,1,2,2,2
2,5,5,1,4,3,4,3
2,5,5,2,3,2,2,2
1,3,5,1,4,1,2,2
4,4,5,1,4,3,3,3
2,3,3,2,3,2,2,2
2,4,4,2,4,2,2,2
2,5,5,2,3,2,2,2
1,5,5,2,4,1,1,2
2,5,5,2,2,3,3,3
2,4,4,1,4,1,1,1
4,1,1,1,4,1,1,1
4,4,2,2,3,1,1,1
2,5,5,2,2,2,2,2
2,1,1,1,4,1,1,1
2,2,3,1,4,2,2,2
2,5,5,2,4,3,3,3
4,5,5,1,4,2,3,3
1,1,1,1,4,1,3,5
2,1,1,2,4,2,2,2
1,5,5,2,4,2,3,2
2,5,5,2,3,4,4,4
1,5,5,2,4,3,2,3
1,5,5,1,4,2,2,2
4,2,1,2,2,2,3,3
1,5,5,1,4,2,3,2
2,1,1,1,3,3,3,3
4,1,1,1,4,2,2,2
2,3,2,1,3,3,3,3
2,5,5,3,3,2,4,3
2,5,5,3,1,1,1,1
2,5,5,1,4,1,2,1
2,1,1,1,3,2,2,2
2,5,5,2,4,2,3,2
4,5,5,2,4,4,2,3
2,5,3,2,4,2,2,3
2,5,5,2,4,3,3,3
2,5,5,3,-98,2,3,2
4,1,1,3,-99,3,3,3
2,2,2,1,3,2,2,2
2,5,4,1,3,2,3,2
2,5,5,2,3,2,2,2
2,5,5,2,4,1,1,1
5,2,3,1,3,2,2,2
4,2,3,1,4,3,4,2
4,2,3,1,3,3,4,4
2,1,1,1,4,1,1,1
2,1,1,1,3,3,3,3
2,5,5,1,4,2,3,2
2,5,5,2,3,4,4,3
4,3,5,1,3,2,1,2
2,5,5,2,4,2,2,2
2,5,5,2,4,2,2,2
2,2,2,2,4,2,2,2
2,3,3,1,2,3,2,3
2,1,1,2,4,1,1,2
2,5,5,2,3,4,4,4
2,3,5,1,4,2,3,2
2,5,5,2,3,3,2,2
2,5,5,2,4,1,1,1
2,3,3,2,3,2,2,2
2,2,3,1,4,3,4,4
2,3,5,2,4,2,3,2
2,3,4,3,3,3,2,3
1,5,5,1,4,1,4,5
2,5,5,1,4,2,3,2
5,2,5,2,4,3,4,3
2,3,3,2,4,2,2,2
4,1,1,1,2,3,3,2
2,5,5,2,4,2,2,2
2,1,1,1,3,2,2,3
4,1,1,1,4,3,4,3
2,5,5,2,3,2,2,2
2,5,5,1,4,3,2,3
4,5,5,2,4,2,2,2
4,3,5,2,4,2,3,2
2,1,1,1,4,2,3,2
2,5,5,2,4,2,3,2
4,1,1,1,4,2,5,2
2,3,3,3,1,2,2,2
4,4,5,2,4,3,3,3
2,5,5,2,4,3,2,2
2,1,1,1,1,2,2,3
2,5,5,2,4,2,2,2
2,4,5,2,4,2,2,2
2,5,5,2,3,3,3,3
2,2,4,2,4,2,2,2
2,5,5,2,2,4,4,4
2,5,5,2,1,4,4,4
2,5,5,2,4,2,4,3
4,5,5,3,3,3,2,3
4,1,1,1,3,2,2,3
2,5,4,2,4,2,2,2
2,5,5,2,4,2,3,3
4,3,4,1,4,3,2,3
4,1,4,1,4,3,3,3
1,5,5,2,4,2,2,2
4,2,2,1,4,2,2,2
4,1,2,1,3,4,4,3
4,5,5,2,3,2,3,3
4,1,1,1,4,3,2,2
4,1,2,1,3,3,4,3
2,5,5,1,4,2,3,3
4,1,1,1,3,3,3,3
2,5,5,1,4,1,2,2
2,5,5,2,3,2,2,3
2,5,5,2,1,4,3,3
2,5,5,2,4,2,2,2
2,3,5,2,3,3,3,3
2,1,1,2,3,3,3,3
2,1,1,1,4,1,2,2
1,5,5,1,4,2,2,2
2,5,5,2,4,3,4,3
2,1,1,1,4,1,1,2
2,5,5,1,4,2,2,2
4,2,5,1,4,2,2,2
2,5,5,2,3,3,2,3
4,2,2,1,2,4,4,4
2,3,3,1,4,2,2,2
2,1,1,1,4,3,3,3
2,1,1,1,3,2,3,2
4,1,1,1,3,2,2,1
2,5,5,2,2,3,2,3
2,1,1,1,4,2,4,3
2,5,5,2,4,3,3,2
2,1,1,1,4,3,3,3
2,2,3,2,4,2,3,2
2,5,5,1,3,1,3,3
1,1,2,1,3,3,3,3
4,1,1,1,3,1,1,1
4,1,1,1,4,1,1,1
2,1,1,1,4,3,3,2
2,1,2,1,4,3,3,4
1,5,5,3,3,2,3,3
2,2,2,1,3,2,2,2
4,5,5,2,3,2,4,3
4,4,5,2,3,3,3,3
2,1,1,1,4,2,3,2
2,3,5,2,4,2,2,2
2,1,1,2,4,2,3,3
4,1,1,1,-99,3,3,2
4,2,4,2,4,2,2,3
2,4,4,1,3,2,2,2
2,1,1,1,4,2,3,3
2,5,5,2,3,2,3,2
2,4,4,1,4,4,4,3
5,1,1,1,4,1,2,2
4,1,1,1,4,2,2,2
4,1,1,1,4,2,2,2
4,2,3,1,2,2,1,2
2,3,2,1,3,3,3,2
2,1,2,2,4,2,2,2
4,5,5,2,4,5,5,3
4,1,1,1,4,2,3,2
2,3,5,2,3,2,2,2
2,3,3,2,4,2,2,2
2,1,1,1,4,3,3,3
4,3,3,1,3,3,3,3
1,4,4,1,2,1,3,1
2,5,5,2,4,2,2,2
2,5,5,2,3,2,2,2
1,5,5,1,4,1,1,1
2,5,5,2,4,2,3,1
2,5,5,2,4,3,2,3
2,5,5,2,4,2,1,2
4,5,5,2,3,2,4,-99
2,5,5,2,4,1,2,2
1,5,5,2,1,2,2,2
1,1,1,1,4,2,2,2
1,5,5,1,3,2,3,3
4,4,5,2,3,3,3,3
2,1,1,1,4,2,2,2
2,4,4,2,1,2,4,2
2,4,4,2,4,2,3,3
2,4,5,1,4,2,3,3
1,3,4,1,4,2,3,2
4,5,5,2,3,2,3,2
2,5,5,2,4,2,2,2
5,5,5,1,4,3,3,3
2,5,5,2,4,2,3,2
5,1,1,2,3,3,2,2
2,5,5,3,4,2,2,2
2,5,5,2,4,2,2,2
1,5,5,2,4,3,3,2
2,2,2,2,4,2,2,2
2,5,5,2,4,2,2,2
5,5,5,1,3,3,2,3
4,5,5,2,3,2,4,3
2,1,4,2,4,2,3,2
2,5,5,2,4,2,2,2
2,5,5,2,4,1,1,2
2,3,5,2,4,2,3,3
4,4,4,2,2,2,2,2
2,1,1,2,3,2,2,2
2,5,4,3,3,3,3,3
2,1,1,1,4,3,3,3
4,5,5,2,4,2,2,2
2,2,2,1,3,2,3,2
2,5,5,1,3,2,2,2
2,1,2,1,4,3,3,3
2,5,5,2,1,2,2,2
2,1,1,1,4,2,2,2
2,4,4,2,1,2,2,2
2,5,5,2,3,2,3,2
2,5,5,1,4,4,4,4
2,1,1,1,4,2,2,2
2,1,1,1,4,2,2,3
4,2,5,1,1,1,2,2
4,5,4,1,4,2,2,2
2,1,1,1,4,2,2,3
2,4,5,2,4,2,3,3
1,4,4,1,4,2,3,2
4,5,5,2,2,3,3,3
2,1,1,2,3,2,2,2
2,1,1,1,4,2,2,2
2,1,1,1,1,3,2,3
2,2,2,2,4,2,2,2
2,5,5,2,3,2,2,2
2,5,5,2,4,1,2,1
2,5,5,1,4,2,2,2
2,5,5,2,4,2,1,2
1,1,1,1,4,2,3,3
2,5,5,2,3,2,2,2
2,5,5,-98,4,2,3,2
1,1,1,1,4,2,2,2
2,1,1,1,4,2,1,2
2,1,1,1,4,3,3,3
2,1,1,1,4,2,2,2
4,1,2,1,4,4,4,3
2,4,3,1,4,2,2,2
2,1,1,1,4,1,1,1
2,5,5,2,4,3,3,3
5,2,3,1,3,2,2,3
2,5,3,1,1,2,2,2
2,1,1,2,2,2,3,3
4,5,5,2,2,2,5,4
2,5,5,2,3,3,3,3
2,3,3,2,4,2,2,3
5,3,4,2,1,1,1,2
2,5,5,2,3,3,3,3
2,3,2,1,4,3,2,3
2,5,5,2,4,3,3,3
2,2,2,2,4,2,2,2
2,1,1,1,3,3,3,3
2,1,1,1,4,1,1,1
2,5,5,2,3,1,1,2
2,1,2,1,4,1,1,1
2,2,4,2,3,3,3,3
2,1,1,1,4,2,2,2
4,1,1,1,3,3,3,4
2,2,2,1,4,1,2,1
2,5,5,2,4,2,3,2
2,1,1,1,4,2,2,2
2,5,5,2,4,2,2,2
4,4,5,3,3,1,2,2
2,1,1,1,4,2,3,3
4,5,5,2,4,2,3,3
4,1,1,3,2,3,3,3
1,1,1,1,4,3,4,2
2,2,2,2,4,1,2,2
2,5,5,2,2,2,2,2
2,1,1,1,4,1,2,2
2,5,5,2,4,3,3,3
2,4,5,2,4,1,1,1
2,3,4,3,2,3,3,3
2,1,1,1,3,3,3,3
2,5,5,2,4,2,2,2
4,2,2,2,4,2,3,2
1,1,1,1,3,3,5,5
2,1,1,1,4,2,2,2
4,3,5,2,4,1,1,1
2,1,1,1,4,1,1,1
2,5,5,2,3,1,2,1
2,1,1,1,2,3,2,3
1,5,5,1,4,2,2,2
2,4,5,1,4,2,3,2
2,4,4,2,4,2,2,3
5,5,5,2,4,3,3,3
2,2,2,1,3,2,2,1
2,4,4,2,4,3,3,3
4,5,5,2,3,2,4,3
1,5,5,1,4,2,2,2
4,1,1,1,4,2,2,2
2,5,5,2,4,2,4,3
2,5,5,1,3,2,2,2
2,3,3,2,4,3,4,3
4,2,1,1,1,3,3,3
4,1,1,1,4,2,3,2
2,5,5,2,3,2,2,2
2,5,5,2,4,2,2,3
2,1,1,1,4,1,1,1
4,5,5,2,3,2,3,2
5,1,1,1,4,2,2,2
2,5,5,2,4,2,2,2
2,5,5,2,3,2,2,3
4,5,5,2,4,2,3,2
4,2,5,1,3,3,3,3
2,1,1,1,2,2,2,2
2,5,5,2,4,2,2,1
2,2,3,1,4,2,2,2
2,5,5,2,4,2,3,2
2,5,5,1,4,2,1,2
2,1,1,1,3,3,3,3
2,2,1,1,4,2,3,2
3,1,1,1,4,2,2,2
4,1,1,1,2,2,2,2
4,1,2,2,4,2,3,3
2,5,5,2,3,2,2,2
2,1,5,2,4,3,1,2
2,1,1,1,4,2,3,2
2,5,5,2,2,2,1,2
2,1,1,1,4,1,2,2
4,4,5,2,2,2,2,2
1,5,5,2,3,1,1,1
4,2,2,1,4,3,3,3
2,1,1,1,4,1,2,2
4,1,1,1,4,3,2,3
4,1,1,1,4,3,3,3
4,4,4,2,4,2,2,2
2,1,1,1,4,2,3,3
2,1,1,2,4,2,2,2
2,4,5,2,4,2,2,3
2,5,5,2,4,2,3,3
4,1,5,1,3,3,3,3
1,4,4,1,4,3,3,3
4,5,5,2,1,2,3,2
4,1,1,2,3,4,2,5
4,2,1,1,3,1,3,2
2,5,4,2,3,1,1,1
2,1,3,2,4,2,3,2
4,-98,-98,2,4,2,3,2
2,5,5,3,2,2,2,2
1,5,5,2,4,3,3,3
2,5,5,2,1,2,2,1
2,5,5,2,4,3,4,2
4,5,5,2,4,3,2,2
2,2,1,1,4,1,2,1
2,5,5,2,4,1,1,1
2,4,4,1,4,2,2,3
4,2,2,1,3,3,4,3
2,1,1,1,4,1,2,1
2,5,4,1,4,3,3,3
4,1,1,1,4,2,2,3
2,5,3,2,4,2,2,2
5,5,4,1,3,2,3,2
5,2,5,1,4,2,2,2
2,5,5,1,3,3,2,3
4,1,1,1,4,2,2,3
2,3,3,2,4,3,3,3
1,2,2,1,4,3,3,2
2,5,5,3,1,1,1,2
2,5,5,2,4,2,2,2
1,5,5,2,4,2,2,1
2,5,5,1,4,2,2,2
1,4,5,2,3,5,2,2
2,5,5,3,4,2,2,2
2,2,2,2,2,2,2,2
4,5,5,2,2,2,3,3
2,5,5,2,4,2,2,2
4,1,3,1,4,4,4,4
4,1,1,1,4,3,3,4
1,4,5,2,4,2,2,2
4,1,3,1,3,2,2,2
2,1,1,1,3,1,2,1
4,3,3,2,4,2,4,3
5,1,2,2,4,2,3,3
2,1,1,1,3,2,2,2
2,5,5,2,4,2,4,4
2,1,5,1,4,2,3,2
2,4,4,1,4,1,3,2
4,1,1,1,4,1,1,1
2,3,3,1,4,2,2,2
2,4,5,1,3,1,2,2
2,1,1,1,4,2,2,2
2,1,1,1,4,1,1,1
1,1,1,1,4,3,3,2
2,4,3,2,3,2,3,2
1,5,5,2,4,3,2,2
1,1,1,1,4,1,1,1
2,3,5,1,4,2,2,2
2,3,5,2,4,1,1,1
2,1,1,1,4,5,5,5
2,1,1,1,4,4,3,2
2,5,5,2,4,2,2,2
4,1,1,2,4,3,4,3
1,1,1,1,4,2,3,3
2,3,2,1,4,3,3,3
4,5,5,-98,2,3,3,3
2,1,2,1,4,1,1,1
1,5,5,2,3,1,2,1
2,2,3,1,4,4,4,3
4,5,5,1,4,2,2,2
2,1,1,1,4,5,5,5
2,5,5,2,4,2,2,2
2,1,1,1,4,2,2,2
2,5,5,2,3,4,1,2
2,4,5,3,4,2,2,2
1,4,4,2,3,2,3,2
2,2,1,1,4,1,2,1
1,5,5,2,4,1,1,1
2,1,1,1,4,2,2,2
2,5,5,2,4,2,2,2
5,5,5,2,4,4,4,4
4,5,5,2,2,3,3,4
2,1,5,2,3,2,3,2
4,1,2,1,4,2,2,3
2,1,1,1,4,2,1,2
2,5,5,1,3,2,2,2
2,5,4,2,3,4,4,2
2,1,1,1,4,1,1,1
2,1,1,1,4,2,2,2
4,5,5,3,4,3,2,3
3,3,5,2,3,2,2,3
2,1,1,1,4,3,3,3
2,5,5,2,4,3,2,3
5,5,5,3,1,2,2,2
2,5,5,2,4,2,2,2
2,5,5,2,3,4,4,4
2,5,5,2,4,3,3,4
1,2,2,1,4,3,2,2
2,3,3,2,3,4,3,4
2,5,5,2,4,3,2,2
4,1,1,1,4,2,2,2
2,1,1,1,4,2,2,2
1,5,5,1,3,2,2,2
2,1,1,1,4,3,3,3
2,5,5,1,2,4,4,4
2,1,1,2,3,2,2,2
2,5,5,2,4,2,2,2
1,5,5,1,3,3,4,3
2,5,5,1,4,2,2,2
2,1,1,1,3,2,3,2
1,2,3,1,4,2,2,2
5,3,3,2,2,3,3,3
2,2,2,1,4,3,3,3
2,5,5,2,3,2,3,3
2,5,5,2,4,2,2,2
4,5,5,2,3,3,3,2
2,1,1,1,4,2,3,3
2,5,5,1,4,1,2,3
1,4,5,2,3,1,2,1
2,5,5,2,4,2,2,2
2,3,3,1,4,2,3,3
2,5,5,2,4,2,2,2
2,5,5,2,3,2,2,2
2,5,5,2,3,3,2,3
1,1,1,1,4,4,4,4
2,1,1,1,4,4,4,3
2,5,5,2,4,2,2,1
2,4,5,1,3,3,3,3
2,5,5,2,4,2,2,2
4,5,5,2,4,2,2,2
4,5,5,2,4,2,2,2
2,5,5,1,4,2,3,2
2,1,1,1,4,1,1,1
2,4,4,1,4,2,2,2
4,2,2,1,3,3,4,3
2,4,2,1,3,1,2,2
2,5,5,3,4,2,2,2
4,4,4,2,2,3,2,2
2,4,4,2,4,2,3,2
2,5,5,2,4,2,1,2
1,5,5,1,4,2,2,2
2,5,5,-98,3,2,2,3
2,5,5,1,2,4,2,2
5,1,1,1,4,4,4,4
4,5,5,1,2,2,4,4
4,5,5,1,4,2,2,2
2,5,5,2,4,2,2,1
2,5,5,2,3,2,2,2
1,5,5,2,3,3,3,2
4,3,3,2,4,1,2,1
2,5,5,1,4,2,2,2
2,5,5,3,3,3,2,3
2,5,5,2,4,2,2,2
2,5,5,2,4,2,3,2
2,1,1,1,2,1,2,1
1,5,5,2,4,1,1,2
1,5,5,2,4,2,2,2
2,5,5,2,2,2,2,2
2,1,1,1,4,2,2,4
2,1,1,1,4,2,2,2
2,3,3,2,4,3,2,2
2,2,3,1,4,2,2,1
2,5,5,2,3,2,2,2
2,1,1,1,4,2,2,2
2,5,5,2,4,2,3,2
2,5,5,1,4,1,2,2
1,1,1,1,4,2,2,3
1,5,5,1,4,1,1,1
2,5,5,2,4,1,1,2
5,-98,-98,3,4,1,1,1
2,1,1,1,3,3,4,2
2,2,2,2,4,2,2,2
1,1,1,1,4,5,4,4
2,1,1,2,4,2,2,2
2,1,1,1,3,2,2,2
2,5,5,2,4,2,1,1
2,3,1,2,3,4,3,2
2,1,1,1,4,2,2,2
2,3,3,1,4,3,3,3
2,5,5,1,4,2,2,2
2,5,5,3,3,3,2,2
2,1,1,1,4,3,3,3
2,5,5,2,3,1,1,2
2,1,1,1,3,1,1,2
2,5,5,2,4,1,1,1
2,5,5,1,4,2,3,3
2,1,1,1,3,2,2,2
2,5,5,2,4,3,2,2
4,5,5,1,3,4,4,4
1,5,5,2,3,2,2,2
4,3,1,1,4,3,3,2
4,1,3,1,4,2,4,4
2,5,5,1,4,2,3,3
2,1,1,1,4,3,4,3
1,5,5,2,4,5,5,5
2,1,1,1,4,2,2,2
2,5,5,1,4,5,5,5
2,5,5,2,4,4,3,2
4,5,5,1,4,3,4,3
4,1,1,1,4,2,3,2
2,5,4,1,4,2,2,2
2,5,5,2,4,2,2,2
1,1,1,1,4,4,5,3
1,1,1,2,4,2,3,4
2,3,3,2,2,2,2,2
5,5,5,1,1,4,4,4
4,4,5,2,4,1,3,3
2,1,1,1,1,2,3,3
1,5,5,2,4,2,2,1
2,5,5,2,3,2,2,2
5,1,2,1,4,2,1,2
4,1,1,1,3,1,2,1
2,1,1,1,4,4,4,3
2,4,4,1,4,3,2,3
4,4,4,2,4,2,3,2
1,1,1,1,3,3,2,3
2,5,5,1,3,3,3,3
4,5,5,2,3,2,2,2
2,2,2,1,4,2,3,2
2,2,2,3,2,1,1,1
2,5,5,2,4,3,3,3
4,2,3,1,4,2,2,2
2,5,5,3,1,1,2,1
2,5,5,2,4,1,1,1
2,5,5,2,4,2,2,2
4,5,5,2,4,2,3,2
4,1,1,1,1,4,3,3
2,5,5,3,4,3,3,3
2,3,3,2,3,3,3,3
2,5,5,2,1,5,3,3
4,1,1,1,4,2,2,2
2,5,5,1,4,1,2,2
2,1,1,1,4,2,2,2
2,5,5,1,4,2,2,2
1,5,4,3,2,2,3,2
4,5,5,1,4,1,3,2
4,1,1,1,4,1,3,1
2,1,1,1,4,2,3,2
2,5,5,2,1,2,4,3
1,1,1,2,4,5,4,5
2,4,5,1,4,1,2,1
2,3,3,2,4,2,3,2
2,3,3,2,4,1,1,1
2,5,5,2,3,3,3,3
4,1,1,1,4,2,2,1
4,5,5,2,2,4,4,2
2,5,5,2,4,2,2,2
5,1,4,1,3,1,1,1
1,5,5,1,4,2,2,2
4,5,5,1,4,1,2,1
2,4,4,2,4,1,1,1
2,4,4,1,4,3,3,2
2,1,2,1,4,2,3,2
4,4,4,1,3,2,2,2
4,5,5,2,4,3,3,4
2,4,4,2,4,2,3,2
5,5,5,3,2,4,4,2
2,5,5,2,4,2,2,2
2,1,1,1,4,2,3,3
1,1,1,1,4,2,2,2
2,3,3,1,4,2,2,2
1,3,4,2,4,2,2,2
2,5,5,2,3,2,2,2
1,2,2,1,4,2,3,2
2,1,1,1,3,1,2,2
2,5,5,2,4,2,2,2
2,5,5,2,4,3,3,3
2,5,5,3,4,2,2,2
2,5,5,1,4,1,2,2
2,1,1,1,4,3,4,3
2,1,1,1,4,2,2,3
2,5,5,2,3,2,3,3
2,5,5,2,3,3,2,3
1,5,5,2,4,2,3,2
2,5,5,3,3,2,2,2
4,1,1,1,2,3,4,3
2,1,1,1,3,2,2,2
4,1,1,2,1,2,3,3
4,1,1,1,4,3,2,3
4,5,5,1,4,2,2,2
5,5,5,3,1,3,3,3
4,1,1,1,3,2,4,2
2,1,1,1,4,2,2,2
1,5,5,2,2,2,2,2
1,4,5,2,4,3,4,2
1,4,4,2,4,2,2,2
2,5,5,2,4,3,3,2
4,5,5,2,4,2,2,2
2,3,2,1,4,2,2,2
2,5,5,2,3,1,3,2
2,1,2,1,4,2,1,2
4,4,4,1,4,3,3,3
2,2,3,1,4,3,3,4
4,2,1,1,1,2,3,3
2,5,5,1,3,3,3,2
2,1,1,1,3,3,4,3
2,4,4,3,3,2,3,3
2,5,5,2,4,3,3,3
1,5,4,2,4,1,2,2
2,5,5,1,4,2,2,3
2,3,5,2,4,2,2,2
4,2,5,3,-98,2,2,2
2,1,1,1,4,3,3,3
5,1,1,1,4,2,2,2
2,5,5,2,3,1,2,2
4,2,2,3,1,2,2,3
1,1,1,1,3,4,2,2
2,5,3,1,4,2,2,2
1,5,5,2,4,2,2,3
4,5,5,2,4,1,3,1
2,1,1,1,3,2,3,3
2,1,1,1,4,2,2,2
2,5,5,2,4,1,1,2
1,4,5,2,4,2,3,2
4,5,5,2,4,2,3,3
2,1,1,1,3,2,2,3
2,1,1,1,4,2,2,2
2,5,5,2,4,1,2,2
4,5,5,1,4,1,2,1
4,2,2,1,3,4,4,3
2,1,1,2,2,2,2,2
4,2,2,1,4,2,3,3
4,2,4,1,4,3,3,3
5,5,5,3,2,4,3,3
2,2,2,1,4,2,3,2
2,5,5,2,3,3,2,2
4,1,1,1,4,4,4,2
2,1,1,1,4,2,2,2
2,5,5,2,4,1,1,1
2,5,5,1,4,2,3,3
2,4,1,1,4,2,2,2
2,2,2,1,4,2,2,2
2,2,2,1,4,2,3,2
2,2,2,1,4,1,1,2
5,1,1,1,3,3,2,3
2,5,5,2,3,2,3,2
2,5,5,2,3,2,2,2
4,3,4,1,4,2,2,2
4,4,4,2,3,2,3,2
4,2,2,1,4,2,3,2
2,3,4,2,3,3,3,3
2,5,5,1,4,2,3,2
2,1,1,1,3,4,3,4
4,4,4,1,4,3,4,3
2,2,2,1,4,2,2,3
5,5,5,2,3,3,3,3
2,1,1,1,4,2,3,2
5,4,4,2,3,3,3,3
2,5,5,2,4,3,3,2
1,1,1,1,4,1,1,1
2,3,4,2,4,3,3,3
4,1,1,1,4,3,2,3
2,1,1,1,4,4,3,4
2,4,4,2,4,3,3,3
2,5,5,1,4,2,3,2
2,1,1,1,4,2,2,1
2,4,4,2,3,2,1,2
2,1,1,1,3,2,3,2
2,5,5,2,4,3,3,4
2,1,1,1,4,1,1,1
2,3,2,1,3,3,3,3
1,3,3,2,4,2,3,2
4,5,5,2,2,1,2,1
4,1,1,1,4,3,4,3
2,5,5,2,4,2,3,2
1,3,3,1,2,2,2,2
1,5,5,2,4,1,1,1
2,1,1,1,3,2,4,2
1,1,1,1,4,1,1,1
2,5,3,3,4,3,3,3
2,5,5,2,4,2,2,3
4,1,2,1,4,3,3,3
1,5,5,1,4,1,1,1
5,5,3,3,1,2,3,2
2,1,1,1,4,3,3,3
2,3,3,1,4,1,2,2
2,1,1,1,3,4,3,3
2,4,4,1,3,2,2,2
4,5,5,2,2,2,2,2
4,5,5,2,2,3,2,2
4,5,5,2,4,2,2,2
1,2,2,2,4,2,2,1
2,3,3,2,4,2,2,2
4,1,1,2,1,1,1,1
2,1,1,1,4,3,3,3
2,5,3,2,3,2,3,2
2,4,4,1,4,3,3,3
-98,5,5,3,2,2,2,2
2,4,5,1,1,2,3,2
2,1,1,1,4,2,2,2
2,3,2,1,4,3,3,3
2,1,1,2,4,2,2,2
2,1,1,1,4,4,4,4
2,4,4,2,3,2,3,2
2,5,5,2,3,2,3,3
2,1,1,1,3,4,4,3
4,2,2,1,3,3,4,3
2,4,4,2,4,2,3,3
3,5,5,2,4,2,2,2
4,4,5,2,3,3,3,2
4,3,5,2,3,2,2,2
2,4,3,2,3,3,3,3
2,2,2,1,4,3,3,3
4,1,1,3,3,2,2,3
2,5,5,1,3,1,1,2
2,5,5,2,4,1,2,1
2,5,5,2,3,1,1,1
4,5,5,1,2,3,2,2
2,1,3,1,4,2,2,2
2,5,4,1,3,2,2,2
1,5,5,2,4,2,3,2
2,2,4,2,1,2,2,2
2,5,5,1,3,5,5,4
4,5,5,2,4,4,3,2
4,5,5,3,1,4,3,4
2,5,5,2,3,1,2,1
4,4,5,1,4,2,3,2
2,5,5,2,4,1,1,1
2,1,1,3,2,4,4,4
2,1,1,1,4,2,3,3
1,5,5,2,4,1,2,1
4,2,2,1,4,3,3,3
4,5,5,3,3,2,3,3
2,3,3,1,4,3,3,2
2,5,5,2,4,2,2,1
2,3,4,1,2,3,3,3
1,4,4,2,4,2,2,3
1,5,4,3,4,2,2,3
2,5,5,1,4,2,3,3
2,5,5,2,4,2,2,2
4,5,5,2,3,3,3,2
2,1,1,1,4,2,3,3
1,5,5,3,3,1,1,1
2,5,5,2,4,3,3,3
4,1,1,1,4,2,3,2
2,2,3,1,4,2,3,4
4,3,3,1,3,5,5,5
2,1,1,1,4,2,2,2
2,1,1,2,4,2,1,1
2,1,1,1,4,3,2,3
2,2,2,1,3,4,5,3
2,2,1,3,4,4,2,2
2,5,5,2,4,1,1,1
2,1,1,1,4,2,2,2
2,3,3,2,4,4,3,3
2,5,5,2,4,3,3,2
2,1,1,2,4,1,1,1
2,5,5,2,4,3,2,2
4,4,4,3,4,3,3,3
4,1,1,1,4,2,1,2
1,1,1,3,4,1,2,2
2,5,5,1,4,2,3,2
2,1,1,1,4,3,3,2
1,5,5,2,3,2,2,2
2,5,5,2,3,2,1,2
2,5,5,2,4,2,3,2
1,1,1,1,4,1,1,2
2,4,5,1,4,2,3,3
1,5,5,1,4,2,3,2
4,5,5,2,4,2,3,3
2,1,1,1,4,2,3,1
4,5,5,2,3,3,3,3
2,4,4,2,2,1,2,1
2,2,2,1,4,2,4,4
4,5,5,2,2,3,4,3
2,5,5,2,4,2,2,2
4,1,1,1,3,2,2,2
2,5,5,1,3,1,1,1
4,1,1,3,2,2,2,2
1,1,1,2,4,1,2,1
4,5,5,2,2,4,4,3
4,5,5,3,1,2,4,2
2,3,4,2,3,2,2,4
2,2,2,2,1,3,3,3
1,5,5,2,4,2,1,2
2,5,5,3,1,3,4,4
2,1,1,1,3,2,2,2
2,1,2,1,4,1,2,2
2,3,3,2,4,2,2,2
2,3,3,1,3,4,3,3
2,5,5,2,3,2,1,1
2,5,5,2,4,2,3,3
2,3,3,2,4,2,2,2
2,5,5,2,4,2,2,2
1,5,5,2,4,2,4,2
2,1,1,1,4,2,2,2
5,1,2,3,1,2,2,2
2,2,2,2,4,2,2,2
1,1,2,1,3,2,2,3
2,4,4,2,2,3,3,3
2,5,5,3,4,2,3,4
2,3,1,1,4,1,2,1
4,5,5,2,3,2,2,2
1,-98,5,1,4,1,1,1
2,5,5,2,3,1,1,1
2,1,1,2,4,2,2,2
2,1,2,2,3,2,2,2
2,1,1,1,1,3,3,3
4,1,1,3,3,5,3,4
4,4,4,2,3,4,4,4
2,1,1,1,4,2,2,2
-98,3,3,3,2,1,1,2
2,5,5,2,4,4,4,4
2,5,5,2,4,2,2,3
2,1,1,1,4,2,2,2
2,5,5,2,3,2,4,4
2,1,1,1,3,2,3,2
2,1,1,1,4,1,1,1
4,1,1,2,4,2,2,3
2,1,1,2,4,3,3,3
4,2,4,2,4,2,2,2
1,1,1,1,4,2,3,3
2,1,2,2,4,2,2,2
2,5,5,2,4,2,1,2
1,5,5,2,4,1,3,2
2,5,5,2,4,1,1,1
1,5,5,2,4,2,3,3
2,5,5,2,4,1,1,1
2,5,5,2,4,2,2,3
1,1,3,2,4,1,1,1
4,1,1,2,3,2,2,3
4,1,1,1,4,3,2,3
5,5,5,2,4,4,4,4
4,4,5,2,4,1,1,1
5,1,1,2,4,4,2,2
2,5,5,2,3,1,4,4
2,1,1,1,3,3,3,3
2,4,4,1,4,1,1,1
5,1,1,1,3,3,4,3
2,3,3,2,3,2,3,2
1,4,4,2,2,3,2,3
1,3,3,2,4,1,2,2
1,1,1,2,3,4,-98,4
2,4,3,2,4,2,2,2
2,1,1,1,4,2,2,2
2,5,5,2,4,2,2,3
2,5,5,1,3,4,3,4
2,5,5,2,4,1,2,2
2,5,5,2,3,2,2,2
4,-98,-98,1,4,3,1,3
4,5,5,2,4,2,2,2
2,1,1,1,4,3,3,3
4,5,5,2,4,2,3,2
2,1,1,1,3,1,1,1
3,1,1,1,4,1,1,1
2,4,3,1,4,1,1,1
4,1,2,1,3,4,2,4
2,1,1,1,4,1,2,2
4,1,1,2,3,2,2,2
2,5,5,2,4,2,2,2
2,3,4,2,4,2,3,2
5,5,5,2,4,1,1,2
2,1,1,1,1,2,3,2
2,3,3,1,4,2,2,2
1,5,-99,1,4,1,1,1
3,5,5,2,4,2,4,2
2,5,5,2,4,2,2,3
2,5,5,2,3,1,1,1
2,5,5,1,4,2,2,2
2,5,5,2,2,1,2,1
1,2,2,2,4,1,1,1
2,1,1,1,4,1,2,1
2,1,1,1,4,3,4,3
2,5,5,2,4,4,4,3
1,5,5,2,4,5,5,4
4,1,1,2,3,2,-99,2
4,5,5,2,4,2,2,2
2,5,5,2,4,3,3,4
2,5,5,2,2,2,2,2
2,1,1,1,4,2,2,2
1,2,5,1,4,1,2,1
2,3,5,1,4,3,3,2
2,1,1,1,3,2,3,3
2,1,1,1,2,2,3,2
2,1,1,1,4,2,2,2
4,5,5,2,3,3,3,3
4,1,1,2,4,3,3,3
2,5,5,2,2,2,2,2
2,5,5,2,4,3,3,4
2,5,5,1,4,2,2,2
4,3,3,1,4,2,2,2
1,1,1,1,3,1,1,1
2,5,5,3,2,2,2,2
2,3,2,1,4,3,3,3
1,5,5,2,3,3,3,3
1,5,5,2,4,2,2,2
2,1,1,1,2,1,1,1
1,5,5,2,4,1,2,1
1,5,5,2,4,2,2,3
2,4,3,2,4,2,3,2
2,4,4,2,4,1,2,2
2,1,1,1,4,5,5,5
2,4,3,1,3,3,3,4
2,5,5,2,3,2,2,2
2,5,5,2,3,2,3,2
2,4,4,1,4,3,2,2
4,3,4,2,4,1,2,2
2,1,1,1,3,3,2,3
4,5,5,1,4,2,2,2
2,5,5,1,3,4,4,2
2,5,5,2,4,2,3,2
4,5,5,2,4,4,4,4
4,1,1,1,4,3,2,2
2,1,2,1,4,2,2,2
2,5,5,2,3,1,1,1
2,5,5,1,1,2,4,4
2,1,1,1,3,3,3,3
2,1,1,1,3,5,5,3
4,1,1,1,4,2,2,2
4,5,5,2,4,2,2,2
4,3,3,2,4,3,3,3
2,1,5,1,4,2,3,2
5,1,1,1,4,2,3,3
4,1,2,1,3,2,2,2
2,5,5,2,4,2,3,2
2,1,1,1,3,2,3,3
2,3,3,1,3,3,3,3
1,5,5,1,2,3,2,2
4,1,1,1,1,3,2,2
4,5,5,2,1,2,2,2
2,4,4,2,4,2,2,3
2,5,5,3,4,3,3,3
4,1,5,1,4,2,3,2
2,3,3,1,2,3,3,3
2,2,2,1,4,2,2,2
5,1,1,2,1,3,3,3
2,5,5,2,4,2,2,2
2,1,1,2,4,3,3,1
4,4,4,1,4,4,4,4
2,3,3,1,3,3,2,3
2,5,5,1,4,2,2,2
2,5,5,2,4,2,4,3
2,5,5,2,3,2,3,3
4,3,3,2,4,4,4,3
2,1,1,1,4,2,3,3
2,1,2,2,3,5,4,3
2,5,5,1,4,2,2,3
2,5,5,1,4,2,3,3
1,5,5,2,4,2,2,2
2,5,5,2,2,2,2,2
5,5,5,3,2,1,1,1
1,5,5,1,4,2,2,2
2,4,4,2,4,2,3,2
2,5,5,2,4,3,2,3
2,5,5,2,4,2,2,2
2,5,5,1,4,1,1,1
2,1,5,1,4,2,2,2
2,1,2,1,4,2,2,3
2,1,1,1,3,2,2,2
2,1,1,1,4,2,2,2
4,2,2,1,4,2,2,3
2,5,5,2,4,1,1,1
1,1,1,1,4,2,2,3
4,4,5,2,4,2,2,2
4,4,2,2,4,4,3,4
2,5,5,1,4,2,2,2
2,5,5,2,4,3,3,3
2,2,1,1,3,1,1,2
2,2,2,2,3,2,2,3
2,1,2,1,4,2,2,2
2,5,5,2,3,2,2,2
2,3,1,1,3,2,3,3
1,1,5,1,4,4,5,2
2,3,2,2,4,2,3,2
2,1,1,1,4,3,5,4
2,4,4,1,4,1,1,1
2,1,1,1,1,2,2,2
2,5,5,2,4,2,2,2
4,5,5,2,4,3,3,3
2,5,5,2,3,3,3,3
4,5,5,3,2,1,2,2
4,3,5,2,4,2,2,2
2,5,5,2,4,2,3,1
4,5,5,2,4,1,1,1
2,3,1,1,4,1,1,1
4,2,2,1,4,2,3,4
2,2,2,1,3,2,2,2
2,5,4,2,1,3,4,2
4,3,2,2,4,2,3,3
2,5,5,2,4,2,2,2
2,5,5,2,4,2,2,1
2,5,5,2,3,2,2,3
2,2,2,1,4,2,2,2
2,5,5,2,4,2,2,2
2,1,1,1,4,1,2,3
2,1,1,1,4,1,1,1
2,3,5,2,4,2,2,2
2,5,5,2,4,2,2,2
2,5,5,2,3,1,1,1
2,1,1,2,3,2,2,2
4,5,5,2,4,3,4,3
2,1,1,1,4,1,1,1
2,4,5,3,1,1,1,1
1,5,5,2,4,1,1,1
4,3,5,2,4,2,3,2
1,5,5,1,4,1,1,1
4,5,5,3,3,3,3,2
2,5,5,2,3,3,3,3
4,5,5,3,4,2,1,2
4,5,5,1,3,3,3,3
1,5,5,2,4,3,3,3
4,5,5,2,3,2,3,2
2,5,5,2,4,1,3,3
4,5,5,2,3,2,2,2
2,2,5,1,4,3,2,2
2,5,5,3,1,3,3,3
2,2,2,2,4,1,1,1
4,2,3,1,4,1,1,1
2,1,1,1,4,1,1,1
2,5,5,1,4,3,3,3
2,1,1,1,3,1,2,1
4,2,2,1,4,2,3,3
4,5,5,2,4,2,4,2
2,1,1,1,3,2,3,2
2,3,5,1,4,2,3,3
2,1,1,1,3,1,1,1
2,1,1,1,2,2,3,3
2,3,3,1,4,2,3,2
2,1,1,1,2,2,2,2
2,4,3,1,2,2,4,3
2,4,5,2,4,2,2,2
2,5,5,3,4,2,2,4
5,5,5,2,3,2,2,2
2,5,5,2,4,1,2,2
2,1,1,2,4,1,2,1
5,1,1,1,4,1,3,2
4,1,1,1,4,2,2,2
4,5,5,2,4,2,2,2
2,1,1,1,3,2,2,2
2,5,5,2,4,3,3,2
2,1,1,1,4,2,2,2
1,5,5,1,4,1,1,1
2,4,4,2,4,2,2,2
2,5,5,2,4,1,1,1
2,1,1,1,4,3,2,2
4,5,5,2,4,1,2,2
2,1,1,2,3,2,2,2
2,5,5,3,4,5,2,2
2,5,5,2,3,3,2,2
2,1,1,3,3,3,3,3
2,1,1,2,3,3,3,3
2,2,2,1,3,3,3,3
2,5,5,1,4,2,3,3
4,3,3,2,4,2,2,2
2,5,5,2,3,2,2,2
5,1,1,1,4,2,2,2
2,5,5,3,1,3,3,3
2,5,5,2,4,2,5,4
2,4,2,2,4,3,4,3
2,5,5,2,4,2,2,2
2,1,1,1,4,1,1,2
5,1,1,1,4,3,4,4
4,1,1,1,4,2,2,3
2,1,1,1,4,2,1,2
2,5,5,2,4,3,2,4
1,5,5,3,3,2,3,3
2,3,4,2,3,2,2,2
2,4,3,3,4,3,3,2
4,1,1,2,3,3,3,2
2,5,5,2,2,2,2,2
2,5,5,2,4,2,2,2
2,2,3,2,4,2,2,2
2,1,1,1,3,2,2,2
5,1,1,3,1,2,2,2
2,5,5,2,4,3,3,3
2,1,1,1,4,3,3,3
2,5,5,2,3,-98,-98,-98
2,4,4,1,4,3,3,2
4,1,1,1,4,1,1,1
2,1,1,1,4,3,2,2
2,1,1,1,4,2,2,2
1,5,5,1,4,1,3,4
2,3,3,3,4,1,1,2
2,5,5,1,4,2,3,2
2,4,5,3,2,4,4,4
4,5,5,2,2,3,3,3
4,5,5,1,2,3,4,3
5,3,4,2,4,1,2,3
2,5,5,2,3,2,2,2
2,5,5,3,3,2,2,4
2,5,5,2,1,2,5,5
4,1,2,1,3,3,2,3
1,3,5,2,4,2,2,2
2,5,5,2,4,2,3,3
2,1,1,1,4,1,2,2
4,1,1,1,4,2,3,3
2,3,3,1,3,2,2,1
4,3,3,1,4,2,2,2
4,2,2,1,4,3,3,3
2,1,1,2,4,2,-99,4
1,5,5,2,4,1,-98,1
4,5,5,2,3,2,2,2
2,5,5,2,4,2,2,3
2,1,1,1,1,2,3,2
2,5,5,3,2,2,3,3
2,1,1,2,3,3,2,2
2,1,1,1,4,2,3,2
2,5,1,1,4,3,3,2
2,5,5,2,4,1,1,1
2,5,5,2,3,3,3,3
4,5,5,2,4,2,3,3
2,1,1,1,4,4,2,3
4,1,1,2,4,3,3,3
4,5,5,1,3,4,3,3
2,5,5,2,4,3,4,2
1,1,1,1,4,2,3,2
4,1,1,1,4,4,4,3
4,2,2,2,4,4,5,4
2,5,5,2,4,2,2,2
4,2,2,1,4,3,3,3
2,5,5,3,3,2,1,2
2,1,1,1,4,2,3,2
2,5,5,2,4,2,2,2
2,5,5,2,4,2,3,2
1,4,3,2,2,2,2,3
2,1,2,1,4,2,3,3
4,5,5,2,3,2,2,3
2,1,1,1,4,3,4,4
2,5,5,2,4,3,2,3
1,5,5,2,3,2,2,2
2,1,1,1,3,3,2,3
2,5,5,2,4,4,3,4
2,4,4,1,2,4,4,4
2,1,1,1,3,1,2,2
2,1,1,1,4,1,3,3
4,5,5,1,3,3,3,4
2,3,3,1,4,2,2,2
1,5,5,2,2,2,3,3
2,1,1,1,4,2,3,2
2,5,5,2,3,4,4,3
1,4,3,2,3,1,1,1
2,1,1,1,4,1,1,1
2,5,5,2,4,2,3,2
2,1,1,1,3,2,2,2
2,4,5,2,4,2,3,2
2,5,5,2,4,2,3,2
2,5,5,2,3,2,2,2
1,2,2,1,4,2,2,2
1,5,5,1,3,1,1,2
2,5,5,1,4,2,3,3
4,1,2,2,4,2,3,2
1,1,1,1,4,2,2,3
1,5,5,1,4,2,2,2
4,1,4,1,4,3,2,2
2,1,1,1,4,2,2,2
2,1,1,1,4,2,2,2
2,5,5,1,4,1,1,1
2,5,5,1,3,2,5,3
2,1,1,1,4,2,3,2
1,5,5,2,3,1,2,2
2,3,5,2,4,2,2,2
4,1,2,1,3,3,3,3
4,2,2,1,4,4,4,3
2,3,3,2,4,1,2,2
4,5,5,1,4,3,2,2
2,4,4,2,2,2,2,2
2,1,1,1,1,2,3,3
1,5,5,3,3,2,3,3
4,5,5,2,3,2,3,2
2,1,1,1,4,3,4,4
1,5,5,2,3,2,3,2
2,3,3,1,4,2,2,3
4,1,1,1,4,2,-99,2
1,5,5,2,2,2,2,2
2,4,4,2,3,2,2,2
4,5,3,1,2,2,4,2
2,5,5,3,4,3,3,3
4,1,1,1,3,3,3,3
2,5,5,2,3,2,2,2
2,1,1,1,3,3,3,3
2,5,5,2,3,2,4,3
2,5,5,2,3,2,2,2
2,1,1,1,4,2,2,2
4,1,1,1,4,4,4,4
2,3,3,2,2,1,1,1
2,5,5,2,4,2,2,2
2,1,1,1,3,1,1,1
2,5,4,2,3,2,2,3
4,3,3,2,4,2,2,2
1,1,1,2,4,2,2,3
1,2,1,1,3,1,2,1
2,1,1,1,4,1,1,1
2,1,1,2,4,2,2,2
2,1,1,1,4,2,2,2
2,1,1,1,4,2,3,2
2,5,5,1,4,2,3,3
2,1,1,1,4,2,2,2
2,5,5,1,4,3,3,3
2,1,1,1,4,2,4,3
2,5,5,2,4,4,3,3
1,2,4,1,3,2,2,2
2,5,5,3,2,2,2,2
2,5,5,2,3,2,2,2
4,4,5,2,4,2,3,2
4,1,1,1,4,2,2,2
4,5,5,3,2,2,3,2
4,1,1,1,2,3,2,2
2,1,4,1,4,2,2,3
2,3,3,1,4,1,2,2
2,5,5,1,4,2,4,2
1,5,5,2,4,3,4,3
5,1,3,1,4,2,3,3
4,5,5,2,4,4,4,4
2,5,5,2,4,2,2,2
2,3,3,1,4,3,3,3
2,1,1,1,4,5,4,5
2,4,4,2,4,3,2,2
4,3,2,2,3,4,3,3
2,5,5,1,4,2,4,3
2,1,1,1,4,2,2,1
2,5,5,3,3,3,3,3
2,1,1,1,3,2,3,2
2,3,3,2,4,2,3,2
2,1,1,1,4,2,2,2
2,5,1,1,1,1,1,3
2,1,1,1,4,2,2,2
2,4,4,1,3,1,1,1
2,4,4,2,4,4,4,4
4,1,4,1,2,3,3,2
2,5,5,2,4,3,3,3
2,1,1,3,4,2,2,2
2,5,5,1,3,3,2,3
4,5,5,1,4,2,2,2
2,5,5,2,4,2,2,2
2,1,1,2,3,2,2,2
2,4,5,2,4,2,2,2
2,4,4,1,4,2,2,2
2,1,1,3,4,3,3,3
2,1,1,2,4,2,2,3
4,4,5,1,4,3,2,2
2,5,5,1,4,1,1,1
2,1,1,1,4,2,2,2
2,5,5,2,4,1,2,2
2,2,3,2,4,1,1,1
2,3,3,1,4,2,2,3
2,5,5,1,4,2,2,2
1,5,5,2,3,4,4,3
1,1,5,1,4,2,1,2
2,1,1,2,4,2,2,3
4,2,4,1,3,3,2,3
2,5,5,2,3,2,3,2
4,5,5,2,4,2,3,2
2,5,5,2,3,2,4,4
2,5,5,2,3,2,2,2
2,1,1,1,3,1,3,2
2,5,5,2,4,2,4,2
1,3,3,2,4,2,2,3
2,1,1,1,3,2,3,2
2,1,1,1,3,2,3,2
2,5,5,2,2,2,2,2
4,3,3,3,4,1,1,1
2,5,5,2,4,2,2,2
2,5,5,1,4,4,4,4
4,5,5,3,1,2,3,3
4,2,2,1,2,3,3,3
2,1,1,1,4,2,1,1
4,4,4,2,4,2,3,3
2,5,5,2,3,1,2,1
2,5,5,2,3,4,4,4
2,4,5,2,4,2,2,2
2,2,2,1,4,1,1,2
4,5,5,2,4,4,4,4
2,2,5,1,4,1,2,2
1,5,5,2,2,2,3,3
2,5,5,3,3,3,3,3
2,4,4,1,4,1,2,1
4,-99,4,2,4,2,3,2
2,1,1,1,4,3,2,2
1,5,5,1,4,1,2,1
4,1,1,2,4,1,2,2
2,5,5,2,4,2,2,2
2,5,5,2,4,3,3,3
4,5,5,2,4,2,2,2
2,1,1,1,3,3,2,2
2,5,5,1,3,3,3,3
2,5,5,2,3,2,2,2
2,1,2,2,3,2,2,2
4,3,3,2,4,3,3,3
1,3,3,3,4,1,3,1
1,5,5,1,4,3,3,3
2,5,5,2,4,1,1,1
2,5,5,2,4,2,3,3
2,1,1,1,4,1,1,1
2,1,1,1,3,2,2,2
1,2,5,2,4,2,2,3
2,5,5,2,3,2,2,2
4,3,4,2,4,4,3,3
2,5,5,2,4,2,2,1
4,1,1,1,1,5,5,5
2,1,1,1,2,2,2,2
2,1,1,1,4,4,4,4
2,4,5,2,4,5,5,5
2,5,5,1,4,2,2,2
2,3,4,1,3,3,3,3
1,2,2,2,4,1,3,2
2,5,5,2,3,3,3,3
2,5,5,1,3,2,4,3
2,5,5,3,4,2,2,2
2,2,2,2,3,2,2,3
4,5,5,1,4,3,3,3
2,5,5,2,4,2,2,2
2,3,3,2,3,2,2,2
2,4,5,2,4,3,3,3
2,4,5,1,3,1,2,2
4,1,2,1,4,2,2,3
4,4,2,3,3,1,5,2
4,1,1,1,4,3,3,3
2,1,1,1,3,2,1,1
4,1,1,1,4,2,2,2
2,4,4,2,2,1,4,4
2,1,1,2,1,2,3,3
1,3,3,2,4,1,2,3
2,5,5,2,2,4,3,4
2,1,1,1,4,3,4,2
2,1,1,1,4,2,2,2
4,1,1,1,3,2,2,2
4,5,5,2,4,1,1,1
2,1,1,2,4,4,3,3
4,5,5,2,4,2,2,2
2,4,4,2,4,4,3,5
2,5,5,3,3,3,3,3
2,2,1,1,4,4,3,4
2,1,2,3,3,3,2,3
2,2,2,1,4,4,3,2
2,2,5,1,4,2,2,2
4,5,5,3,4,4,4,4
2,1,1,1,3,2,4,3
4,1,1,3,-99,5,5,4
2,5,4,2,4,2,2,3
4,1,1,1,2,2,2,3
2,5,5,2,3,3,2,3
1,1,1,1,3,1,1,1
2,5,5,2,4,2,2,2
2,2,3,1,4,2,3,3
2,5,5,2,3,2,2,2
4,2,2,2,2,2,2,2
2,5,5,2,4,2,2,2
2,1,1,1,4,2,2,2
2,5,5,3,3,2,2,2
2,5,5,2,4,3,3,3
4,1,2,2,3,2,3,2
2,5,5,2,4,2,2,2
4,5,5,2,4,2,2,2
2,5,5,2,4,1,2,3
2,5,5,2,3,3,3,3
1,2,2,2,4,2,2,2
2,5,5,1,4,1,2,1
4,5,5,1,4,1,3,2
4,5,5,2,3,3,3,3
2,1,1,1,4,2,2,3
4,2,2,2,3,2,2,2
2,1,1,1,3,3,3,3
4,4,4,2,4,2,2,2
2,5,5,2,4,2,3,3
2,1,5,1,4,3,3,3
2,5,5,2,4,2,3,2
2,5,5,1,4,2,1,3
2,1,1,2,4,1,1,1
4,2,2,2,3,2,2,2
2,5,5,-98,4,3,3,2
2,1,1,2,4,2,2,2
5,3,5,2,-98,2,3,3
2,5,5,2,4,2,3,1
2,1,1,1,4,1,2,3
2,1,1,1,4,2,2,4
4,3,3,2,3,3,2,2
1,3,5,2,4,2,2,2
4,4,5,2,4,3,3,3
1,5,5,3,4,2,3,3
4,5,5,3,1,2,2,2
2,4,1,1,4,2,2,2
2,1,1,1,4,2,3,2
2,1,1,2,4,2,2,3
1,5,5,2,4,1,1,1
2,3,4,1,4,2,2,2
2,5,5,2,2,2,2,2
2,5,5,2,3,3,3,3
4,2,1,1,4,2,3,2
2,5,5,2,4,2,2,3
2,5,5,2,3,2,2,2
1,5,5,2,2,1,3,4
2,5,5,1,4,1,1,1
2,4,1,1,4,2,2,2
4,5,5,1,4,4,5,5
4,5,5,2,3,3,4,3
1,3,1,2,4,2,4,2
4,4,4,2,4,2,2,2
2,5,5,1,3,1,1,1
2,2,3,2,4,1,2,1
2,5,5,2,3,1,2,2
2,5,5,2,4,4,3,4
1,4,4,1,3,2,3,3
1,5,5,1,4,2,2,2
2,4,3,2,3,2,3,3
2,2,2,1,3,2,2,2
1,3,4,1,4,2,3,2
2,5,5,1,4,1,1,1
5,5,5,1,4,2,2,2
2,5,5,1,2,2,3,2
2,5,5,2,3,2,3,3
4,1,1,1,4,1,1,1
4,1,1,1,4,2,2,2
1,5,5,2,4,1,1,1
4,1,1,1,4,1,2,1
1,2,1,1,4,2,2,2
2,5,5,3,1,2,2,2
2,5,5,2,3,4,2,2
2,5,5,2,3,2,2,2
2,5,5,2,4,2,3,2
1,5,5,1,4,2,4,3
4,1,2,1,4,1,1,1
2,1,1,1,3,2,2,2
2,1,1,1,4,3,1,3
1,5,5,2,3,3,4,3
4,1,1,2,3,3,3,3
4,5,5,3,1,1,2,1
4,1,1,2,4,2,2,3
4,4,4,2,4,2,4,3
2,1,1,1,4,1,1,1
2,3,3,2,4,1,3,1
4,5,5,3,1,3,3,3
2,5,5,2,3,3,2,2
4,5,5,1,4,2,2,3
4,5,5,1,4,2,3,3
4,2,5,1,4,3,3,2
4,1,1,2,4,3,2,4
2,5,4,1,3,2,3,2
2,1,1,1,4,1,1,2
2,5,5,2,3,1,1,1
1,1,1,2,3,2,2,2
2,2,3,1,1,2,3,3
4,1,1,1,4,2,2,2
1,1,1,1,3,3,3,3
2,5,5,2,3,1,1,1
2,5,5,1,4,1,2,1
1,4,3,2,3,2,2,3
1,1,1,1,4,1,3,2
2,1,1,1,4,2,2,2
2,1,1,1,4,3,2,3
5,1,1,1,3,2,4,4
4,1,1,1,3,3,4,4
2,5,5,2,1,3,3,3
4,5,5,2,1,1,3,1
2,5,5,2,4,2,2,2
4,5,5,1,2,3,3,3
2,1,1,1,4,2,2,2
2,3,1,1,3,2,2,2
4,5,5,3,2,3,2,3
4,5,5,2,2,3,3,3
2,1,1,2,2,2,2,2
2,1,1,1,3,1,1,1
2,5,5,3,2,2,2,3
4,5,5,1,3,3,3,4
2,1,2,1,3,2,2,2
1,5,5,1,3,3,2,2
2,1,1,1,4,2,2,2
4,2,4,2,4,1,1,1
2,5,5,2,4,2,3,2
2,1,1,1,4,3,3,3
5,4,5,1,3,2,3,2
4,5,5,2,4,2,4,2
2,5,5,2,4,2,3,2
2,1,1,2,4,2,2,2
2,5,5,2,4,3,3,3
2,1,1,1,1,1,2,2
4,3,3,1,4,2,2,2
2,3,3,2,3,3,4,3
4,1,1,1,4,2,3,2
4,5,5,2,3,2,2,2
1,4,4,2,4,2,2,2
2,1,2,1,4,3,3,3
4,5,4,2,1,1,1,1
1,5,5,2,4,2,2,3
2,5,5,2,4,2,2,2
2,1,1,1,4,3,3,3
2,5,5,1,3,3,3,3
2,1,1,1,4,1,1,1
2,5,5,1,4,2,-98,-98
2,2,3,1,4,2,2,3
4,4,4,1,4,1,2,1
2,5,5,1,3,1,1,1
4,1,1,2,4,4,1,2
2,5,5,2,4,2,3,2
2,5,5,3,1,2,2,2
2,4,3,3,4,3,3,3
4,1,1,1,4,1,2,4
4,1,1,1,4,3,3,3
2,2,2,2,3,4,3,3
2,5,5,1,4,1,1,1
2,5,5,1,3,2,3,3
2,5,5,2,4,2,2,2
2,4,4,3,1,3,2,3
2,5,5,2,4,2,3,2
1,5,4,1,4,3,3,3
2,5,5,2,1,1,1,1
2,2,2,1,4,1,1,1
2,1,1,1,4,1,1,1
2,5,5,2,4,2,2,2
2,5,5,2,4,1,1,1
2,5,5,3,3,2,2,2
1,2,3,2,4,2,3,2
4,1,1,3,1,2,2,2
4,1,1,1,4,2,2,2
2,5,5,2,4,2,2,2
2,5,5,2,4,3,3,3
4,3,3,1,4,3,2,3
2,5,5,3,2,2,2,2
2,1,1,1,4,2,3,3
4,5,5,3,1,3,3,3
1,3,3,1,4,3,3,3
2,5,5,2,3,2,2,2
2,5,5,2,3,2,4,3
2,1,1,1,3,2,2,2
2,5,5,2,4,2,3,2
2,4,4,3,4,2,3,2
2,5,5,2,1,3,4,2
2,5,5,1,4,2,2,2
4,5,5,1,4,2,2,2
4,1,1,1,3,3,3,3
4,5,5,2,4,-98,-98,-98
2,5,5,2,3,2,2,2
2,2,5,2,3,2,2,2
4,4,3,1,3,2,3,3
2,3,3,2,4,4,4,3
2,5,5,1,4,2,2,2
4,4,5,2,4,2,2,2
4,1,3,1,4,2,2,2
4,5,2,2,2,4,4,4
2,5,5,1,4,2,3,3
2,5,5,1,3,3,3,2
4,3,3,2,4,2,2,2
2,1,1,1,4,2,2,3
2,5,5,2,4,2,1,2
4,5,5,2,4,4,4,4
4,5,5,2,4,2,2,2
1,5,5,2,4,4,3,2
4,5,5,2,4,1,1,1
5,5,4,3,3,5,3,3
2,1,1,1,4,2,3,3
2,1,1,2,4,3,3,3
5,4,1,1,3,2,3,2
2,5,4,2,3,2,4,4
2,5,5,2,3,3,2,4
2,5,5,3,1,2,2,2
2,2,2,1,3,2,3,3
5,5,5,2,4,1,1,1
1,4,5,2,4,2,2,2
1,5,5,1,4,2,2,4
2,5,5,3,4,2,2,2
2,5,5,2,4,3,3,3
2,3,3,1,3,2,3,4
2,4,4,1,4,2,2,2
2,5,5,2,4,2,3,3
4,5,5,2,1,2,2,2
4,4,5,1,3,2,2,2
2,5,5,2,1,2,1,1
4,1,1,1,4,2,2,2
2,5,5,2,3,2,2,2
2,5,5,2,4,1,1,1
2,3,3,2,3,2,2,2
2,5,5,2,4,2,3,2
2,3,3,2,3,2,2,2
2,5,5,2,2,2,3,2
1,2,2,1,4,2,3,3
4,1,1,2,3,2,2,2
2,4,4,2,3,2,2,2
2,1,1,1,4,2,2,2
5,5,5,3,1,5,5,5
4,5,5,3,1,2,2,2
4,5,5,2,3,3,3,3
1,5,5,2,4,2,3,2
2,1,1,1,4,4,4,4
2,5,5,3,3,2,2,2
4,4,3,2,3,3,3,2
2,1,1,1,4,5,5,5
2,1,2,1,3,3,2,3
5,1,1,3,1,3,3,3
5,4,4,3,1,3,3,3
2,1,1,2,1,2,3,2
5,1,1,2,3,2,1,2
4,5,5,2,4,4,4,4
2,5,5,2,4,4,4,4
2,1,2,2,4,2,2,2
2,4,4,2,4,2,3,2
2,4,5,3,3,3,4,4
2,3,5,2,4,2,3,2
2,3,5,2,4,3,3,3
2,2,2,1,4,2,3,3
2,5,3,2,4,2,2,2
2,5,5,2,4,3,2,2
2,3,3,2,4,2,2,2
4,2,2,1,4,2,2,3
1,5,5,2,4,1,1,1
4,1,1,3,2,4,5,4
2,5,5,2,1,2,3,2
1,1,1,1,4,1,1,1
4,1,1,3,1,2,4,3
2,1,1,1,3,2,2,2
2,5,5,2,3,2,3,3
2,5,5,2,4,2,3,3
1,5,5,2,4,2,3,2
1,5,5,2,4,2,3,3
4,1,1,1,3,2,2,3
2,5,5,2,4,1,1,1
2,2,3,1,4,3,4,3
4,2,1,1,3,2,2,3
2,2,1,1,4,3,3,2
2,2,4,1,3,3,3,3
2,5,5,2,4,2,2,2
2,1,1,1,4,2,2,3
4,1,1,3,3,3,4,4
4,5,5,1,3,2,3,4
2,5,5,2,4,2,2,2
2,1,1,1,2,4,4,4
2,5,5,2,4,2,2,2
2,5,5,1,4,1,1,1
2,5,5,2,4,2,2,4
4,1,1,2,1,2,2,2
2,5,5,3,4,1,2,2
5,1,1,1,1,2,2,2
1,5,5,2,3,1,3,3
2,1,1,1,4,2,2,2
2,1,1,3,4,2,2,2
2,1,1,2,3,3,3,4
2,5,5,2,4,2,2,2
2,4,5,2,4,1,2,2
2,5,5,1,4,1,3,2
1,3,5,2,4,1,1,1
1,2,2,2,4,3,3,3
5,3,3,3,4,2,2,2
2,5,5,2,3,2,2,2
2,3,3,1,4,2,2,2
4,5,5,2,4,2,2,2
5,1,1,3,4,2,2,2
4,5,5,3,3,2,2,2
2,5,5,2,4,2,2,2
2,5,5,2,3,1,2,2
2,2,2,1,4,-98,2,3
1,5,5,2,4,2,2,2
2,5,5,2,3,3,3,3
2,1,1,2,4,2,2,2
4,4,5,1,1,2,4,3
2,5,5,3,1,3,2,2
5,4,2,1,3,2,2,2
4,4,5,1,4,2,2,2
2,5,5,2,4,2,2,2
2,1,1,1,4,3,3,3
2,5,5,2,4,2,2,2
2,2,2,1,4,2,3,3
4,1,1,1,4,2,2,2
2,1,1,1,4,2,2,3
1,2,2,1,4,3,3,3
4,5,5,2,3,5,5,4
4,1,1,1,2,2,2,2
4,5,5,2,3,3,3,2
2,2,2,1,3,2,2,2
5,4,5,2,4,2,3,3
4,1,1,1,4,2,2,2
2,2,3,1,4,2,2,2
1,5,5,2,4,2,3,3
4,5,5,1,4,2,2,2
4,1,1,1,4,4,4,4
2,1,1,1,4,3,3,4
2,1,1,1,4,3,3,3
3,5,5,2,4,2,2,2
4,4,5,2,4,2,5,2
2,5,5,2,4,2,2,2
4,5,5,2,3,2,3,3
2,5,5,3,4,2,2,2
2,5,5,2,4,2,2,2
4,1,1,1,3,2,2,2
2,5,5,2,2,2,2,2
2,2,5,1,4,2,2,2
2,5,5,2,4,3,3,3
4,-98,-98,1,3,3,3,3
2,5,5,2,2,3,4,2
2,4,5,2,4,1,3,2
1,4,5,2,4,2,2,4
2,1,2,3,4,4,3,3
5,1,2,1,4,2,3,1
2,5,5,2,2,3,3,2
4,2,1,2,4,2,2,1
4,1,1,1,4,2,2,2
5,1,1,1,4,1,2,3
4,1,2,1,4,2,4,3
1,1,1,1,4,2,2,2
4,5,5,2,4,2,2,2
2,4,5,2,4,1,1,1
4,5,5,2,4,1,2,2
1,1,1,1,4,2,3,3
2,5,3,3,3,3,3,3
5,5,5,2,4,2,4,1
2,5,5,2,3,2,3,2
4,1,1,1,4,4,4,4
1,4,2,2,4,2,2,1
2,2,2,1,3,2,2,2
2,1,2,1,4,2,3,2
2,5,5,2,4,3,3,3
2,5,5,2,4,2,2,2
2,1,1,1,3,2,3,2
2,1,1,3,1,3,3,3
2,2,2,1,4,3,3,3
4,3,3,1,2,4,3,4
2,3,3,1,3,2,2,2
5,5,5,3,1,2,2,3
4,5,5,2,1,4,3,5
2,1,1,3,3,2,2,2
2,5,5,2,3,2,3,3
2,5,5,2,2,2,3,2
2,1,1,1,4,2,2,2
2,5,5,2,3,2,2,2
1,5,5,2,3,2,2,2
2,1,1,1,4,1,3,2
4,5,5,2,3,2,2,2
2,5,5,2,4,3,2,3
2,5,5,2,4,3,4,3
2,5,5,2,4,4,5,3
2,5,5,2,4,2,2,3
2,5,4,2,4,2,1,2
4,1,1,1,4,2,3,3
2,4,4,2,4,2,2,2
1,5,5,2,4,2,2,2
2,2,2,1,4,3,3,3
1,5,5,2,3,3,3,3
2,2,5,1,3,4,3,3
2,2,4,2,4,2,4,2
2,4,5,2,3,2,2,2
4,1,1,1,4,1,1,1
2,1,1,1,4,3,2,3
2,4,5,2,4,1,2,2
2,1,2,2,3,3,4,3
2,2,3,2,3,3,5,5
2,3,5,2,1,2,2,2
4,1,1,1,4,3,3,3
4,5,5,2,3,2,2,3
2,5,5,2,3,2,4,2
4,5,5,2,3,3,3,3
4,2,4,2,4,2,2,2
2,1,1,1,4,1,1,1
2,5,5,2,4,2,2,1
5,5,5,3,1,5,5,5
1,2,2,1,4,1,1,2
2,4,5,2,3,2,3,3
2,5,5,2,4,2,4,4
4,4,3,1,3,5,5,5
1,5,5,2,4,1,1,1
2,5,5,2,4,1,1,1
2,1,1,2,4,2,2,2
2,2,3,1,4,2,2,2
4,1,1,1,4,3,3,3
2,1,1,2,4,2,2,2
4,2,1,3,3,5,2,2
2,5,5,1,1,3,3,2
2,2,2,1,4,2,2,2
1,5,5,2,2,1,2,1
2,5,5,2,4,3,3,3
4,5,5,2,4,3,3,2
2,1,3,1,3,3,3,3
2,5,5,1,4,2,2,2
2,1,1,1,4,1,1,1
1,1,1,1,4,1,2,2
4,3,1,1,4,1,1,2
2,5,5,1,4,2,4,4
2,5,5,1,4,1,2,2
2,1,1,1,3,2,3,2
2,5,5,2,3,3,3,3
2,1,1,1,3,1,1,1
2,1,1,1,3,2,4,2
2,5,5,2,3,2,3,3
2,1,1,2,1,1,2,2
2,2,2,1,4,2,2,2
2,5,5,2,3,1,2,1
4,4,5,2,4,2,1,2
4,1,1,2,3,2,3,2
2,5,5,1,1,2,4,3
2,1,1,1,3,2,1,2
2,5,4,2,4,2,3,2
5,5,5,1,4,2,3,2
2,1,1,2,2,2,2,2
4,3,3,1,4,2,2,2
2,5,5,2,4,2,2,2
4,5,5,3,4,2,3,4
2,5,5,3,1,2,3,3
4,3,3,2,4,2,3,2
4,2,2,2,4,3,3,2
4,1,1,2,4,4,4,5
2,5,5,2,4,2,-98,2
2,5,5,2,3,2,2,3
2,5,5,2,2,3,2,2
2,5,5,2,4,3,3,3
4,1,1,1,3,3,3,4
4,1,1,1,4,3,3,3
4,5,5,2,4,2,2,2
2,1,1,1,4,1,1,1
2,4,4,1,3,2,2,2
4,5,5,2,4,2,2,2
2,4,2,1,3,2,2,3
1,5,5,2,3,1,1,1
2,5,5,2,4,2,2,3
2,5,5,3,4,3,4,3
2,3,5,2,1,2,2,3
2,5,5,2,4,3,3,3
1,1,2,1,4,2,3,3
4,5,4,2,4,2,3,2
4,1,1,2,2,2,3,2
2,1,4,2,4,2,2,3
2,4,4,2,4,2,3,2
1,2,5,3,4,2,3,2
5,5,5,2,2,2,2,3
2,1,1,1,3,2,1,2
2,5,5,2,4,2,2,2
2,3,4,2,3,2,2,2
2,5,5,2,4,3,2,2
2,1,1,2,4,2,2,2
2,5,2,1,4,1,2,2
2,1,5,2,3,2,2,3
2,4,5,2,4,1,3,2
4,5,5,2,1,3,3,3
4,5,5,3,1,3,2,2
1,5,5,3,3,4,3,3
4,1,1,1,1,3,3,3
2,5,5,2,4,2,2,2
2,3,4,2,4,2,4,4
2,5,5,2,4,2,3,2
2,5,5,1,3,3,2,3
2,4,2,1,3,3,3,3
2,5,5,2,3,3,3,2
2,5,5,1,2,2,3,2
4,5,5,2,2,3,2,2
4,3,2,1,4,2,1,2
2,5,4,2,3,1,1,1
2,2,2,1,4,2,3,3
4,2,1,1,4,2,2,2
4,3,3,2,4,2,2,2
2,5,5,2,4,2,2,2
2,5,5,2,4,2,3,2
2,1,1,1,3,2,2,2
1,3,4,3,2,4,2,1
2,5,5,2,4,3,3,3
2,3,5,2,4,3,3,3
4,5,5,2,4,5,5,5
2,5,5,2,3,3,3,2
1,1,1,1,2,1,3,3
4,1,1,1,2,3,4,3
4,1,1,1,4,2,1,2
2,5,5,2,3,2,4,3
2,2,2,1,4,3,3,2
2,5,5,2,4,1,2,2
2,1,1,1,4,1,1,1
2,5,5,2,3,3,3,2
2,4,5,1,2,2,3,2
4,5,5,2,4,3,2,2
2,5,5,2,3,2,3,2
4,1,1,1,4,3,3,3
5,1,1,1,4,2,2,2
4,5,5,2,2,1,1,1
4,1,1,1,3,2,3,3
2,1,1,1,3,2,4,3
2,1,1,1,3,2,2,2
1,5,5,2,4,1,2,2
2,2,2,1,4,4,4,3
4,5,5,2,4,2,2,2
2,1,1,1,4,2,2,3
5,5,5,3,1,3,2,3
2,4,4,2,4,3,3,2
2,1,1,1,4,1,1,1
2,1,1,2,3,3,3,3
2,5,5,2,3,2,2,2
4,1,1,1,3,3,3,2
2,5,5,2,4,1,1,2
2,3,3,2,3,2,2,2
2,1,1,1,4,2,3,3
3,1,1,1,3,2,2,2
2,1,1,1,3,2,3,3
4,2,4,1,4,2,3,2
1,5,5,2,2,1,1,1
4,1,1,1,4,1,2,2
4,5,5,3,2,3,3,3
2,1,1,1,4,1,2,1
2,5,5,2,4,2,1,2
4,1,1,1,4,2,3,2
2,5,5,1,3,2,2,2
2,1,1,1,4,1,2,2
2,1,5,2,3,4,3,2
5,5,5,3,1,2,3,2
2,5,5,2,4,2,3,2
4,5,5,2,4,2,2,2
2,5,5,1,4,3,4,3
2,5,5,1,4,2,2,2
2,1,1,1,4,3,3,3
2,3,3,2,4,2,2,2
2,1,3,1,3,2,2,2
2,2,2,1,3,2,4,2
2,5,5,2,4,3,2,2
1,5,5,1,3,1,2,1
2,1,1,3,4,1,3,2
4,5,5,2,4,3,5,5
2,5,5,2,4,2,2,2
2,5,5,2,4,2,2,2
2,5,5,2,4,2,3,2
2,4,1,1,4,2,2,3
2,5,5,2,4,2,2,2
2,1,1,1,4,2,2,2
2,4,4,2,4,3,3,3
2,1,1,1,4,3,1,3
1,5,5,2,3,2,2,2
4,5,5,2,4,1,2,2
2,4,5,2,4,2,3,2
2,5,5,2,4,1,2,2
1,5,5,2,4,4,4,4
2,5,5,2,4,2,1,2
2,5,5,2,4,2,2,2
4,4,5,2,3,3,4,3
2,4,5,2,3,3,3,2
1,5,5,2,4,2,3,2
5,5,5,3,1,2,3,3
4,4,5,2,3,2,2,1
2,1,1,1,4,2,3,2
4,1,1,2,4,2,2,2
5,5,5,2,4,2,2,2
1,1,1,1,3,4,5,3
4,5,5,1,3,2,2,2
2,4,4,1,4,2,2,3
4,1,1,2,4,2,2,3
2,2,1,1,4,3,3,3
1,3,1,1,4,2,2,2
5,1,1,1,4,3,2,3
2,1,1,1,3,2,2,2
4,1,1,1,4,3,3,2
2,3,3,2,4,3,3,3
2,1,1,1,4,2,3,2
2,2,2,2,4,3,2,2
2,1,1,2,2,3,3,2
5,1,1,1,3,2,2,2
5,2,1,1,4,1,1,2
2,5,5,1,4,2,1,1
2,1,1,1,4,2,4,3
2,1,1,1,4,2,2,1
2,5,5,2,3,2,2,2
1,1,1,1,4,2,2,2
2,1,1,1,4,2,2,2
2,5,5,1,4,2,2,2
2,1,1,2,4,3,3,4
2,1,1,1,4,2,1,2
2,3,2,1,4,2,3,2
1,5,5,2,4,2,2,3
2,5,5,2,4,2,2,2
4,2,2,1,4,2,3,3
